url,lane,cluster,keywords_owned,best_rank,seo,aeo,geo,priority,client_template
https://bigorange.marketing/marketing-agency-for-builders/,builder-pilot,home-builder,17,1,"Keep as sole builder commercial owner (WP 1381). Rewrite lead-promise meta. One H1. No CONSULT-01/PPC-01. Reslug satellite /home-builder-marketing-agency/. Aug 20 mobile LCP 36s blocks any hub swap.","Answer box: what a home builder marketing agency is. Define agency vs ad shop vs in-house. 5 FAQs on scope/local vs national. Speakable: What is a marketing agency for home builders?","Entity: BigOrange + builders + Cincinnati. Homearama/Janice claims gated. Satellites are proof not twins. No ranking or lead promises.",P0,Vertical commercial hub (clone for MSP/manufacturing/landscaping)
https://bigorange.marketing/,rest-of-site,local-cincinnati,2,9,"Fix Stategic in meta/OG/schema. Align title/H1/meta to Cincinnati multi-vertical router. 8/50 images missing alt. Own city terms only; builder+Cincinnati stays on hub.","Answer: Cincinnati agency that routes to vertical hubs. Define local specialist vs directory. 5 FAQs on industries/geography. Speakable: What is BigOrange Marketing?","Entity: BigOrange Marketing Cincinnati. Repair Organization schema after typo. Homepage is router not fifth hub. No ranking promises.",P0,Local multi-vertical router homepage
https://bigorange.marketing/msp-it-services-marketing-agency/,rest-of-site,msp-it,6,3,"MSP commercial owner. Resolve engine split on msp marketing company vs /top-msp-marketing-agencies/. Remove top/lead-promise meta. Decide AI-search H1 vs agency H1. Noindex campaign twins.","Answer: what an MSP marketing agency does. Define vs in-house vs website vendor. 5 FAQs including How do I find a marketing agency for my MSP. Speakable: What is an MSP marketing agency?","Entity: BigOrange as MSP-specialist agency. No unsourced best-company table on this URL. Date AI-search claims. No citation promises.",P0,MSP commercial hub
https://bigorange.marketing/who-is-the-hero-of-your-website-storybrand-examples-that-make-your-customer-the-hero/,rest-of-site,storybrand,8,1,"Protect storybrand examples (1) and declining website examples (2). Drop Best/2025 unless re-reviewed. Move BrandScript example terms to /storybrand-brandscript-examples/. Keep slug.","Answer: what StoryBrand website examples are. Define website vs BrandScript vs Guide. 5 FAQs. Speakable: What are StoryBrand website examples?","Attribute StoryBrand/Miller. Label BOM-built vs third-party. Client sites need permission. No ranking adjectives.",P0,Annotated examples gallery (one job)
https://bigorange.marketing/manufacturing-storybrand-website-examples-to-inspire-you/,rest-of-site,manufacturing,1,3,"Protect declining position-3 term. Keep manufacturing+StoryBrand modifier in H1. Do not retitle as marketing for manufacturers (hub job). Refresh or date the five examples.","Answer: manufacturing StoryBrand websites. Define industrial-buyer variant. 5 FAQs. Speakable: What are manufacturing StoryBrand website examples?","Entity: manufacturers + StoryBrand + BOM practice. Permission/dates on examples. Hub owns marketing for manufacturers (201-500).",P0,Vertical modifier on an examples gallery
https://bigorange.marketing/best-msp-blog-list-big-orangemarketing/,rest-of-site,msp-it,1,3,"Mobile dropped (>-19). Cite live publisher+date or 301 into resources. Not an MSP hub. Fix awkward Yoast title.","Answer: third-party list citation + link to resource library. Define MSP blog vs agency blog. 5 FAQs. Speakable: What is the Best MSP Blog list referenced by BigOrange?","Best belongs to the cited list only. BOM is a marketing agency not an MSP. No list = no credential claim.",P0,Third-party list/award citation page
https://bigorange.marketing/what-is-the-process-plan-of-storybrand/,rest-of-site,storybrand,1,3,"Protect process/plan query (mobile 4/-2). Do not expand H1 to generic storybrand website. Link 7-steps and purpose as siblings.","Answer: StoryBrand process plan vs seven steps vs BrandScript. 5 FAQs. Speakable: What is the process plan of a StoryBrand website?","BOM process table is the firsthand asset. Remove increasing-leads meta. Attribute step names.",P0,Process/plan article beside a framework definition
https://bigorange.marketing/ai-search-optimization-services/,commercial-zero,other,0,,"P0 health: 4 H1s + index nofollow (WP 5067). Choose index follow if real service else noindex. One H1. Remove outrank/lead meta. Do not twin MSP hub AI H1.","Answer: what AI search optimization is (answer-ready pages not citation guarantees). Define AEO vs SEO vs GEO. 5 FAQs including explicit no-citation promise. Speakable: What is AI search optimization?","This Sept 3 package is the method proof once blocks are live. Mention robots search-vs-training policy as policy not a lever. No ranking promises.",P0,AEO service page (fix before showing as POC)
https://bigorange.marketing/msp-marketing-resources/,rest-of-site,msp-it,13,5,"Largest rest-of-site stack. Keep library+definition; one H2 What is MSP marketing for engine-split strings. Fix 21 Things title/spacing. Confirmation URL stays noindex. Assign managed services provider marketing (501-850) here.","Answer+definition box for MSP marketing. 5 FAQs on kit/ads/library vs agency. Speakable: What is MSP marketing?","Date every list item. Kill expired tools. BOM checklists over scraped tools. Commercial close to MSP hub.",P1,Vertical resource pillar
https://bigorange.marketing/5-fundamentals-of-inbound-marketing/,rest-of-site,msp-it,3,3,"Keep MSP modifier in H1. Refresh declining inbound variants (4/-2). Do not target inbound marketing cincinnati (homepage).","Answer: inbound for MSPs. Define vs outbound. 5 FAQs. Speakable: What is inbound marketing for MSPs?","MSP modifier is the GEO. Source HubSpot inbound docs if cited. No ranking promises.",P1,Methodology x vertical article
https://bigorange.marketing/storybrand-certified-guide-cost/,rest-of-site,storybrand,3,4,"Own cost/certified agency/guide. Stop ranking Is StoryBrand Free on desktop (split with /is-storybrand-free/). Link free page once do not H2 the free question.","Answer: what hiring a certified guide costs/includes. Define Guide vs Agency vs book. 5 FAQs. Speakable: How much does a StoryBrand Certified Guide cost?","State current certification only if true. Dated scope table. Dollars need approved offer. No income/rank promises.",P1,Pricing/scope explainer for a certified method
https://bigorange.marketing/storybrand-website-checklist-does-your-website-pass-the-test/,rest-of-site,storybrand,3,5,"Own checklist terms only. Refresh 2023 checklist vs current section names. Visible review date.","Answer: pass/fail StoryBrand website checklist. Define vs BrandScript vs design QA. 5 FAQs. Speakable: What is a StoryBrand website checklist?","Filled approved example beats empty list. Attribute framework terms. Builder WEB-01 is the clone.",P1,QA checklist article
https://bigorange.marketing/storybrand-brandscript-examples/,rest-of-site,storybrand,3,7,"Own StoryBrand BrandScript (7 vol 101-200) and what-is (13 declining). Recover example terms from hero page. H1 = BrandScript not ignite.","Answer+definition: what a BrandScript is + examples. 5 FAQs. Speakable: What is a StoryBrand BrandScript?","Permission for real excerpts; mark fiction. One redacted real script beats generic copy.",P1,Named artifact + examples
https://bigorange.marketing/msp-lead-generation/,rest-of-site,msp-it,2,2,"Slug is lead-gen but Moz ranks StoryBrand MSP website terms (2/3). Retitle toward lead-gen; move gallery job to examples URL. Attach unranked MSP Lead Generation (51-100). Review sibling /msp-lead-generation-marketing-strategies/.","Answer: what MSP lead generation is. Define qualified lead vs form fill. 5 FAQs. Speakable: What is MSP lead generation?","No lead-volume promises. One approved pipeline story. Website examples are a different URL.",P1,Demand-gen article that is not a second gallery
https://bigorange.marketing/what-is-included-in-an-msp-marketing-plan/,rest-of-site,msp-it,2,2,"Keep question title. Add crawlable section table to lift msp marketing plan (9). Unranked plan/strategy strings as H2s not new URLs.","Answer: plan contents. Define plan vs calendar vs BrandScript. 5 FAQs. Speakable: What is included in an MSP marketing plan?","Redacted sample plan if approved. Soften attract-new-clients meta.",P1,Plan contents article
https://bigorange.marketing/what-is-marketing-in-the-it-industry/,rest-of-site,msp-it,2,5,"Owner of it-marketing family (it marketing 5 vol 101-200). Attach unranked marketing for it / it company marketing cluster. Content article must not use IT marketing as H1.","Answer+definition: marketing in the IT industry vs MSP marketing. 5 FAQs. Speakable: What is marketing in the IT industry?","BOM is not an IT provider. Market-size claims need publisher+date or stay off.",P1,Industry definition article
https://bigorange.marketing/how-to-use-hubspot-for-msps/,rest-of-site,msp-it,1,4,"Keep for MSPs in H1. Fix HubSpot spelling. Refresh 2023 body. hubspot cincinnati is not this job. CRM implementation belongs on the HubSpot services page.","Answer: how MSPs use HubSpot. Define vs PSA/RMM. 5 FAQs. Speakable: How do MSPs use HubSpot?","HubSpot is a third-party product. Date object names. Labeled MSP portal pattern only.",P1,Platform x vertical how-to
https://bigorange.marketing/how-is-a-storybrand-brandscript-used/,rest-of-site,storybrand,1,8,"Declining -6 both engines. Keep usage job; definition/examples stay on BrandScript URL. Add decision table BrandScript to website/ads/deck/email.","Answer: how a BrandScript is used after it exists. 5 FAQs. Speakable: How is a StoryBrand BrandScript used?","Approved before/after copy pair. Remove storytelling-increases-leads meta.",P1,How-to sibling of a definition page
https://bigorange.marketing/is-it-worth-it-to-become-a-storybrand-guide/,rest-of-site,storybrand,1,7,"Career/certification job only. Do not retitle toward Certified Agency. Link cost page for buyers.","Answer: becoming a Guide vs hiring one. 5 FAQs. Speakable: Is it worth it to become a StoryBrand Guide?","Named BOM guides only if public and current. No income promises.",P1,Credential/career explainer separate from hire page
https://bigorange.marketing/is-storybrand-free/,rest-of-site,storybrand,1,8,"Only URL whose H1 is the free question. Heal desktop split with cost page. Decide fate of /storybrand-framework/ (zero snapshot keywords).","Answer yes/no with book vs paid guide nuance in first 40 words. 5 FAQs. Speakable: Is StoryBrand free?","Attribute book/official site. BOM is optional implementer. No must-hire implication.",P1,Free-vs-paid methodology explainer
https://bigorange.marketing/what-are-the-7-steps-of-storybrand/,rest-of-site,storybrand,1,8,"Desktop dropped (>-13). Put seven named steps above the fold. Candidate owner for StoryBrand Framework (201-500) vs /storybrand-framework/ vs purpose page — pick one.","Answer: the seven steps. Define framework vs process plan. 5 FAQs. Speakable: What are the 7 steps of StoryBrand?","Official step names. One annotated homepage map. No ranking promises.",P1,Numbered framework article
https://bigorange.marketing/7-awesome-msp-story-based-website-examples-to-inspire-you/,rest-of-site,msp-it,1,11,"Own MSP website examples (11) and unranked msp website (201-500). Drop Awesome; decide webinar vs evergreen. Review duplicate /7-awesome-msp-storybrand-examples-to-inspire-your-new-website/.","Answer+definition: what an MSP website is. 5 FAQs. Speakable: What is an MSP website?","Label BOM vs inspiration. Remove converts-to-leads meta. Lead-gen URL is not the gallery.",P1,Vertical website gallery plus naked {vertical} website query
https://bigorange.marketing/what-is-digital-marketing-for-msps/,rest-of-site,msp-it,1,13,"Own question (13) and unranked digital marketing for msps (51-100) via opening phrase. Keep digital+MSP; do not steal it marketing or msp marketing.","Answer: digital marketing for MSPs. 5 FAQs. Speakable: What is digital marketing for MSPs?","Date channel advice. Finish the truncated meta. No ranking promises.",P1,Digital marketing for {vertical} definition
https://bigorange.marketing/top-msp-marketing-agencies/,rest-of-site,msp-it,1,17,"Comparison only. Must not H1 msp marketing company (engine split). Disclose Top 10 method or drop Top 10. Same criteria for BOM as others.","Answer: how the comparison is built not a paid ranking. 5 FAQs including paid-placement honesty. Speakable: How should an MSP compare marketing agencies?","Method+date+outbound links required. Firsthand notes only on firms actually encountered. No we-are-number-one.",P1,Disclosed-method comparison (clone carefully)
https://bigorange.marketing/website-design-and-storybrand-seo-services/,commercial-zero,storybrand,0,,"Zero Moz keywords. Remove Top from H1 and Rank higher from meta. Own storybrand marketing commercial side. Collapse nofollow MSP website campaign twins.","Answer: StoryBrand website design + SEO as a service. Define vs AEO. 5 FAQs including no AI-citation promise. Speakable: What is StoryBrand website design and SEO?","Link checklist/examples as method evidence. H1 Top Company is the GEO fail. No ranking promises.",P1,Methodology commercial page
https://bigorange.marketing/home-builder-marketing-agency/,builder-satellite,home-builder,0,,"Zero keywords but P1 slug collision with hub. Reslug to the Chris Gorman case or 301 to hub. Yoast Why Choose a Home Builder Marketing Agency is a hub title — change it.","Answer: this is a named-client case not the service hub. 5 FAQs. Speakable: Why did Chris Gorman Homes hire BigOrange?","Client name/results need permission. Current results language unsourced. Demo pair for Sept 3.",P1,Named-client case that must never reuse the hub slug
https://bigorange.marketing/not-lose-seo-when-moving-offices/,rest-of-site,other,1,1,"Protect odd-phrase position-1 (vol 0-10). Grammatical H1 + tracked H2. Do not expand into Cincinnati agency play. Rewrite retain-rankings meta.","Answer: local SEO checklist for an office move. 5 FAQs. Speakable: How do you not lose SEO when moving offices?","GBP help dated. Client move labeled with permission. Current meta is a ranking claim — remove.",P2,Narrow operational checklist + one story
https://bigorange.marketing/how-to-create-storybrand-sales-funnel/,rest-of-site,storybrand,1,6,"Refresh 2022 body. One evergreen owner vs webinar sibling. Keep funnel job off BrandScript/examples URLs.","Answer: StoryBrand sales funnel how-to. 5 FAQs. Speakable: How do you create a StoryBrand sales funnel?","One approved funnel map. No conversion rates. Soften create-opportunities meta.",P2,Funnel how-to tied to a messaging system
https://bigorange.marketing/what-is-the-purpose-of-storybrand/,rest-of-site,storybrand,1,12,"Purpose job only (12 declining). Alternate owner for StoryBrand Framework if 7-steps stays numbered-only. Keep H1 distinct from steps/process.","Answer: purpose of StoryBrand. 5 FAQs. Speakable: What is the purpose of StoryBrand?","Official purpose language. Why BOM uses it labeled. Short page.",P2,Purpose/philosophy page for a named framework
https://bigorange.marketing/top-performing-marketing-content-for-it-services/,rest-of-site,msp-it,1,15,"Content-types job not IT marketing H1. Rewrite content-is-king meta. Attach unranked IT/MSP content-marketing variants or give them to resources — one owner.","Answer: content types for IT services. 5 FAQs. Speakable: What marketing content works for IT services?","Top performing needs a dated method or becomes recommended types. Pair with definition URL. Same shape as builder ART-02.",P2,Content-type inventory for a vertical
https://bigorange.marketing/google-ads-for-manufacturing-firms/,rest-of-site,manufacturing,1,16,"Paid-search sibling only (16 declining). Do not absorb marketing for manufacturers. Drop bang-for-your-buck. Do not unblock builder PPC-01 from this article.","Answer: Google Ads for manufacturing as practice list not spend advice. 5 FAQs. Speakable: How should manufacturers use Google Ads?","No ROAS/lead claims. Google docs dated. Live paid management only if current authority exists.",P2,Channel x vertical article that is not the hub
https://bigorange.marketing/book-appointment/,commercial-zero,other,0,,"Fix Squeze typo. One booking URL for the site. Do not target head terms. thanks-for-booking stays noindex. Reciprocal links to vertical hubs.","Answer: how to book a conversation. 5 FAQs on what the call is. Speakable: How do I book a conversation with BigOrange Marketing?","Offer terms must be current. No testimonial schema without visible approved testimonials. No ranking promises.",P2,Single sitewide booking URL
https://bigorange.marketing/lean-in-homebuilders-and-coronovirus-impacts-what-to-do-now/,builder-satellite,home-builder,0,,"2020 archive; slug misspells coronavirus. Do not chase marketing ideas for homebuilders here. Banner or noindex. New ideas article if that term is assigned.","If indexable: dated archive answer pointing to hub. Else no speakable.","Historical voice only. Crisis posts are not proof. Teach clients to banner/noindex.",P2,Dated crisis post (archive not retarget)
https://bigorange.marketing/marketing-for-homebuilders-traffic-boost/,builder-satellite,home-builder,0,,"Case not hub. Change Yoast Marketing for Homebuilders: Web Traffic Surge. Require analytics window if increased traffic stays.","Answer: one luxury-builder traffic case. Define traffic vs qualified conversation. 5 FAQs. Speakable: What happened in BigOrange luxury-builder traffic case?","Do not call raw traffic a result (ART-02 rule). Soften if unsourced.",P2,Honest traffic/analytics case
https://bigorange.marketing/custom-home-builder-logos/,builder-satellite,home-builder,0,,"Logo/brand case. $1.5M lead in one month needs evidence+permission or comes out. Slug may own logos job if body teaches it.","Answer: logos + StoryBrand site case. Define logo vs site vs retainer. 5 FAQs including is this typical=no. Speakable: How do custom home builder logos fit a StoryBrand website?","Hard-number permission rule. Delete the number if unsourced.",P2,Brand/logo case with a gated hard number
https://bigorange.marketing/home-builder-marketing-company-success/,builder-satellite,home-builder,0,,"HOMEARAMA 2022 recap. Retitle away from Home Builder Marketing Company (hub ranks that term at 2). Janice/permission gate on outcomes.","Answer: 2022 event recap not a company definition. 5 FAQs. Speakable: What did BigOrange do for HOMEARAMA 2022?","Event is third-party. Outcomes gated. Do not steal the commercial noun phrase.",P2,Flagship event recap
https://bigorange.marketing/dayton-homearama-2021-home-builder-marketing/,builder-satellite,home-builder,0,,"Fix Yoast title Home builder marketing (hub collision). Keep 2021/Dayton/Union Village in the title tag. Same Homearama permission rules.","Answer: 2021 Union Village case. 5 FAQs. Speakable: What was BigOrange 2021 Homearama case?","Year and place required in title. Outcomes gated. Meta success is unsourced.",P2,Year-stamped regional case
https://bigorange.marketing/case-study-home-builder-connects-with-leads-for-a-new-development/,builder-satellite,home-builder,0,,"Development-launch case. $10 Million / exceed lead goals needs evidence+permission or removal. Do not retitle as agency.","Answer: new-development marketing case. Define development vs custom one-off. 5 FAQs including typical=no. Speakable: How did BigOrange market a new home development?","Define what the dollar figure is (volume vs pipeline vs one home). Cincinnati luxury builder named only with permission.",P2,Project-launch case
https://bigorange.marketing/home-builder-website-development/,builder-satellite,home-builder,0,,"Website launch case. Do not duplicate future WEB-01 / ART-01. Rewrite attract qualified leads meta. Distinct from hub and from diagnostic article.","Answer: launch case not diagnostic not hub. 5 FAQs. Speakable: What is in BigOrange home builder website development case?","Launch date visible. Point to reconciled ART-01 for the miss-qualified-buyers job. No lead promises.",P2,Website launch case beside diagnostic + hub
