#,Business,Show?,QA state,Priority,Phone,Best email,Other emails,Contact / role,Channel,Our concept,Their site,Their score,Vertical,Area,Address,Batch,Last verified,Fix reason,Duplicate of,Note
1,Bartram's Garden,YES,Design verified,SHOW,(215) 729-5281,info@bartramsgarden.org,,General public email,Phone + email,https://philly-site-builder-hub-0711.netlify.app/sites/bartram-garden/,,,Botanical Garden,,"5400 Lindbergh Boulevard, Philadelphia, PA 19143",Philadelphia Batch 1 · restored canonical routes,2026-08-05,,,Original 100 - show
2,Di Bruno Bros. Italian Market,YES,Design verified,SHOW,(215) 922-2876,customerservice@dibruno.com,,General public email,Phone + email,https://philly-site-builder-hub-0711.netlify.app/sites/dibruno-bros/,,,Specialty Foods,,"930 S. 9th Street, Philadelphia, PA 19147",Philadelphia Batch 1 · restored canonical routes,2026-08-05,,,Original 100 - show
3,Eastern State Penitentiary,YES,Design verified,SHOW,(215) 236-3300,sk@easternstate.org,,General public email,Phone + email,https://philly-site-builder-hub-0711.netlify.app/sites/eastern-state/,,,Historic Site,,"2027 Fairmount Avenue, Philadelphia, PA 19130",Philadelphia Batch 1 · restored canonical routes,2026-08-05,,,Original 100 - show
4,Fante's Kitchen Shop,YES,Design verified,SHOW,(215) 922-5557,mail@fantes.com,,General public email,Phone + email,https://philly-site-builder-hub-0711.netlify.app/sites/fantes-kitchen-shop/,,,Kitchenware,,"1006 South 9th Street, Philadelphia, PA 19147",Philadelphia Batch 1 · restored canonical routes,2026-08-05,,,Original 100 - show
5,Frankford Hall,YES,Design verified,SHOW,(215) 634-3338,frankfordhall.info@starr-restaurants.com,,General public email,Phone + email,https://philly-site-builder-hub-0711.netlify.app/sites/frankford-hall/,,,Beer Garden,,"1210 Frankford Avenue, Philadelphia, PA 19125",Philadelphia Batch 1 · restored canonical routes,2026-08-05,,,Original 100 - show
6,Franklin Fountain,YES,Design verified,SHOW,(215) 627-1899,press@franklinfountain.com,,General public email,Phone + email,https://philly-site-builder-hub-0711.netlify.app/sites/franklin-fountain/,,,Ice Cream & Sweets,,"116 Market Street, Philadelphia, PA 19106",Philadelphia Batch 1 · restored canonical routes,2026-08-05,,,Original 100 - show
7,Geno's Steaks,YES,Design verified,SHOW,(215) 389-0659,andre@genosteaks.com,,General public email,Phone + email,https://philly-site-builder-hub-0711.netlify.app/sites/genos-steaks/,,,Restaurant,,"1219 South 9th Street, Philadelphia, PA 19147",Philadelphia Batch 1 · restored canonical routes,2026-08-05,,,Original 100 - show
8,Good Dog Bar,YES,Design verified,SHOW,(215) 985-9600,,,Phone / official contact route,Phone / contact form only,https://philly-site-builder-hub-0711.netlify.app/sites/good-dog-bar/,,,Bar & Restaurant,,"224 South 15th Street, Philadelphia, PA 19102",Philadelphia Batch 1 · restored canonical routes,2026-08-05,,,Original 100 - show
9,Isgro Pastries,YES,Design verified,SHOW,(215) 923-3092,onlineorders@isgropastries.com,,General public email,Phone + email,https://philly-site-builder-hub-0711.netlify.app/sites/isgro-pastries/,,,Bakery,,"1009 Christian Street, Philadelphia, PA 19147",Philadelphia Batch 1 · restored canonical routes,2026-08-05,,,Original 100 - show
10,John's Roast Pork,YES,Design verified,SHOW,(215) 463-1951,,,Phone / official contact route,Phone / contact form only,https://philly-site-builder-hub-0711.netlify.app/sites/johns-roast-pork/,,,Restaurant,,"14 East Snyder Avenue, Philadelphia, PA 19148",Philadelphia Batch 1 · restored canonical routes,2026-08-05,,,Original 100 - show
11,Johnny Brenda's,YES,Design verified,SHOW,(215) 739-9684,,,Phone / official contact route,Phone / contact form only,https://philly-site-builder-hub-0711.netlify.app/sites/johnny-brendas/,,,Restaurant & Music Venue,,"1201 Frankford Avenue, Philadelphia, PA 19125",Philadelphia Batch 1 · restored canonical routes,2026-08-05,,,Original 100 - show
12,"La Colombe Coffee Roasters, Rittenhouse Square",YES,Design verified,SHOW,(215) 563-0860,help@lacolombe.net,,General public email,Phone + email,https://philly-site-builder-hub-0711.netlify.app/sites/la-colombe-rittenhouse/,,,,,"130 South 19th Street, Philadelphia, PA 19103",Philadelphia Batch 1 · restored canonical routes,2026-08-05,,,Original 100 - show
13,"MOM's Organic Market, Center City",YES,Design verified,SHOW,(215) 709-0022,,,Phone / official contact route,Phone / contact form only,https://philly-site-builder-hub-0711.netlify.app/sites/moms-organic-market/,,,,,"34 South 11th Street, Philadelphia, PA 19107",Philadelphia Batch 1 · restored canonical routes,2026-08-05,,,Original 100 - show
14,Morris Arboretum & Gardens,YES,Design verified,SHOW,(215) 247-5777,mellanya@upenn.edu,,General public email,Phone + email,https://philly-site-builder-hub-0711.netlify.app/sites/morris-arboretum/,,,,,"100 E. Northwestern Avenue, Philadelphia, PA 19118",Philadelphia Batch 1 · restored canonical routes,2026-08-05,,,Original 100 - show
15,Pat's King of Steaks,YES,Design verified,SHOW,(215) 468-1546,,,Phone / official contact route,Phone / contact form only,https://philly-site-builder-hub-0711.netlify.app/sites/pats-king-steaks/,,,,,"1237 E. Passyunk Ave, Philadelphia, PA 19147",Philadelphia Batch 1 · restored canonical routes,2026-08-05,,,Original 100 - show
16,Philadelphia Record Exchange,YES,Design verified,SHOW,(215) 425-4389,,,Phone / official contact route,Phone / contact form only,https://philly-site-builder-hub-0711.netlify.app/sites/philadelphia-record-exchange/,,,,,"1524 Frankford Avenue, Philadelphia, PA 19125",Philadelphia Batch 1 · restored canonical routes,2026-08-05,,,Original 100 - show
17,Philadelphia's Magic Gardens,YES,Design verified,SHOW,(215) 733-0390,info@phillymagicgardens.org,,General public email,Phone + email,https://philly-site-builder-hub-0711.netlify.app/sites/magic-gardens/,,,,,"1020 South Street, Philadelphia, PA 19147",Philadelphia Batch 1 · restored canonical routes,2026-08-05,,,Original 100 - show
18,Reading Terminal Market,YES,Design verified,SHOW,(215) 922-2317,a-allman@readingterminalmarket.org,,General public email,Phone + email,https://philly-site-builder-hub-0711.netlify.app/sites/reading-terminal/,,,,,"1136 Arch Street, Philadelphia, PA 19107",Philadelphia Batch 1 · restored canonical routes,2026-08-05,,,Original 100 - show
19,ReAnimator Coffee,YES,Design verified,SHOW,(267) 758-6264,info@reanimatorcoffee.com,,General public email,Phone + email,https://philly-site-builder-hub-0711.netlify.app/sites/reanimator-coffee/,,,,,"310 W. Master Street, Philadelphia, PA 19122",Philadelphia Batch 1 · restored canonical routes,2026-08-05,,,Original 100 - show
20,Square 1682,YES,Design verified,SHOW,(215) 563-5008,,,Phone / official contact route,Phone / contact form only,https://philly-site-builder-hub-0711.netlify.app/sites/square-1682/,,,,,"121 South 17th Street, Philadelphia, PA 19103",Philadelphia Batch 1 · restored canonical routes,2026-08-05,,,Original 100 - show
21,Standard Tap,YES,Design verified,SHOW,(215) 238-0630,info@standardtap.com,,General public email,Phone + email,https://philly-site-builder-hub-0711.netlify.app/sites/standard-tap/,,,,,"901 N. 2nd Street, Philadelphia, PA 19123",Philadelphia Batch 1 · restored canonical routes,2026-08-05,,,Original 100 - show
22,Suraya,YES,Design verified,SHOW,(215) 302-1900,hello@surayaphilly.com,,General public email,Phone + email,https://philly-site-builder-hub-0711.netlify.app/sites/suraya/,,,,,"1528 Frankford Avenue, Philadelphia, PA 19125",Philadelphia Batch 1 · restored canonical routes,2026-08-05,,,Original 100 - show
23,Termini Brothers Bakery,YES,Design verified,SHOW,(215) 334-1816,customerservice@termini.com,,General public email,Phone + email,https://philly-site-builder-hub-0711.netlify.app/sites/termini-bros/,,,,,"1523 South 8th Street, Philadelphia, PA 19147",Philadelphia Batch 1 · restored canonical routes,2026-08-05,,,Original 100 - show
24,Victor Cafe,YES,Design verified,SHOW,(215) 468-3040,victorcafe@victorcafe.com,,General public email,Phone + email,https://philly-site-builder-hub-0711.netlify.app/sites/victor-cafe/,,,,,"1303 Dickinson Street, Philadelphia, PA 19147",Philadelphia Batch 1 · restored canonical routes,2026-08-05,,,Original 100 - show
25,Zahav,YES,Design verified,SHOW,(215) 625-8800,info@zahavrestaurant.com,,General public email,Phone + email,https://philly-site-builder-hub-0711.netlify.app/sites/zahav/,,,,,"237 St. James Place, Philadelphia, PA 19106",Philadelphia Batch 1 · restored canonical routes,2026-08-05,,,Original 100 - show
26,Dependable Concrete Contractor LLC,YES,Design verified,SHOW,(215) 821-9779,dependablecw@gmail.com,,General public email,Phone + email,https://philly-25-homepage-concepts-batch-2.netlify.app/dependable-concrete/,,,Home Services,,"7715 Crittenden St, Philadelphia, PA 19118",Philadelphia Batch 2,2026-08-05,,,Original Batch 2 design. Open this Batch
27,"A POSITIVE RESPONSE PLUMBING, LLC.",YES,Design verified,SHOW,(267) 713-9094,apositiveresponse@gmail.com,,General public email,Phone + email,https://philly-25-homepage-concepts-batch-3.netlify.app/sites/a-positive-response-plumbing-llc/,,,Painting / drywall,,"1804 Ashurst Rd, Philadelphia, PA 19151",Philadelphia Batch 3,2026-08-05,,,Original Batch 3 hub URL.
28,"Advanced Commercial Interior, Inc.",YES,Design verified,SHOW,(610) 237-9900,bob@advancedcommercial.com,,General public email,Phone + email,https://philly-25-homepage-concepts-batch-3.netlify.app/sites/advanced-commercial-interior-inc/,,,Plumbing / sewer,,"1050 E Ashland Ave, Folcroft, PA 19032",Philadelphia Batch 3,2026-08-05,,,Original 100 - show
29,Anton's Plumbing & Heating Inc.,YES,Design verified,SHOW,(610) 328-1601,anton5225@yahoo.com,,General public email,Phone + email,https://philly-25-homepage-concepts-batch-3.netlify.app/sites/anton-s-plumbing-heating-inc/,,,Plumbing / sewer,,"1312 Providence Rd, Secane, PA 19018",Philadelphia Batch 3,2026-08-05,,,Original 100 - show
30,"Bryn Mawr Plumbing & Heating Co., Inc.",YES,Design verified,SHOW,(610) 525-1267,brynmawrplumbing@msn.com,,General public email,Phone + email,https://philly-25-homepage-concepts-batch-3.netlify.app/sites/bryn-mawr-plumbing-heating-co-inc/,,,Plumbing / sewer,,"19 Summit Grove Ave, Bryn Mawr, PA 19010",Philadelphia Batch 3,2026-08-05,,,Original 100 - show
31,C. Mazzoni Brothers Inc.,YES,Design verified,SHOW,(215) 416-9325,c.mazzoni1@verizon.net,,General public email,Phone + email,https://philly-25-homepage-concepts-batch-3.netlify.app/sites/c-mazzoni-brothers-inc/,,,Painting / drywall,,"121 Pencoyd Ave, Bala Cynwyd, PA 19004",Philadelphia Batch 3,2026-08-05,,,Original 100 - show
32,"Choice Coating, Inc.",YES,Design verified,SHOW,(215) 943-3903,choicecoatinginc@aol.com,,General public email,Phone + email,https://philly-25-homepage-concepts-batch-3.netlify.app/sites/choice-coating-inc/,,,Plumbing / sewer,,"201 Welsford Rd, Fairless Hills, PA 19030",Philadelphia Batch 3,2026-08-05,,,Original 100 - show
33,Chris Clement Plumbing & Heating,YES,Design verified,SHOW,(610) 446-5231,ccle100669@comcast.net,,General public email,Phone + email,https://philly-25-homepage-concepts-batch-3.netlify.app/sites/chris-clement-plumbing-heating/,,,Painting / drywall,,"Havertown, PA 19083",Philadelphia Batch 3,2026-08-05,,,Original 100 - show
34,Commercial Wallcovering,YES,Design verified,SHOW,(215) 396-0363,commercialwall@yahoo.com,,General public email,Phone + email,https://philly-25-homepage-concepts-batch-3.netlify.app/sites/commercial-wallcovering/,,,Plumbing / sewer,,"4201 Neshaminy Blvd, Bensalem, PA 19020",Philadelphia Batch 3,2026-08-05,,,Original 100 - show
35,"Dan Ferry Plumbing, Inc.",YES,Design verified,SHOW,(610) 344-3979,joshuaferry90@gmail.com,,General public email,Phone + email,https://philly-25-homepage-concepts-batch-3.netlify.app/sites/dan-ferry-plumbing-inc/,,,Plumbing / sewer,,"414 Barker Dr, West Chester, PA 19380",Philadelphia Batch 3,2026-08-05,,,Original 100 - show
36,Ferguson Plumbing & Heating,YES,Design verified,SHOW,(610) 664-5334,fergplumb@yahoo.com,,General public email,Phone + email,https://philly-25-homepage-concepts-batch-3.netlify.app/sites/ferguson-plumbing-heating/,,,Painting / drywall,,"421 Valley Rd, Havertown, PA 19083",Philadelphia Batch 3,2026-08-05,,,Original 100 - show
37,Gracies Painting,YES,Design verified,SHOW,(215) 427-8759,jvgpainting@aol.com,,General public email,Phone + email,https://philly-25-homepage-concepts-batch-3.netlify.app/sites/gracies-painting/,,,Painting / drywall,,"1222 E Columbia Ave, Philadelphia, PA 19125",Philadelphia Batch 3,2026-08-05,,,Original 100 - show
38,Graham Painting (10/98),YES,Design verified,SHOW,(215) 335-9389,grahampainting@comcast.net,,General public email,Phone + email,https://philly-25-homepage-concepts-batch-3.netlify.app/sites/graham-painting-10-98/,,,Painting / drywall,,"Bensalem, PA 19020",Philadelphia Batch 3,2026-08-05,,,Original 100 - show
39,Integrity Interiors,YES,Design verified,SHOW,(267) 716-8638,rosewilk4@comcast.net,,General public email,Phone + email,https://philly-25-homepage-concepts-batch-3.netlify.app/sites/integrity-interiors/,,,Painting / drywall,,"Bridgeport, PA 19405",Philadelphia Batch 3,2026-08-05,,,Original 100 - show
40,James Harper Painting,YES,Design verified,SHOW,(267) 228-2000,hjehbeh@aol.com,,General public email,Phone + email,https://philly-25-homepage-concepts-batch-3.netlify.app/sites/james-harper-painting/,,,Plumbing / sewer,,"Southampton, PA 18966",Philadelphia Batch 3,2026-08-05,,,Original 100 - show
41,Lynch Plumbing & Heating,YES,Design verified,SHOW,(610) 543-6063,lynchplumbingandheating@gmail.com,,General public email,Phone + email,https://philly-25-homepage-concepts-batch-3.netlify.app/sites/lynch-plumbing-heating/,,,,,"119 Yale Square, Swarthmore, PA 19081",Philadelphia Batch 3,2026-08-05,,,Original 100 - show
42,"Mary Cleary Drywall & Carpentry, LLC",YES,Design verified,SHOW,(215) 885-5850,mlkretschman@comcast.net,,General public email,Phone + email,https://philly-25-homepage-concepts-batch-3.netlify.app/sites/mary-cleary-drywall-carpentry-llc/,,,,,"2432 Arlington Ave, Roslyn, PA 19001",Philadelphia Batch 3,2026-08-05,,,Original 100 - show
43,"Mitchell Painting, LLC",YES,Design verified,SHOW,(267) 242-3168,jmitchell11795@aol.com,,General public email,Phone + email,https://philly-25-homepage-concepts-batch-3.netlify.app/sites/mitchell-painting-llc/,,,,,"1914 E Moyamensing Ave, Philadelphia, PA 19148",Philadelphia Batch 3,2026-08-05,,,Original 100 - show
44,PK2 Construction,YES,Design verified,SHOW,(215) 847-4000,pk2crete@gmail.com,,General public email,Phone + email,https://philly-25-homepage-concepts-batch-3.netlify.app/sites/pk2-construction/,,,,,"Philadelphia, PA",Philadelphia Batch 3,2026-08-05,,,Original 100 - show
45,"Prime Interiors, LLC",YES,Design verified,SHOW,(215) 441-9206,primeinteriors@aol.com,,General public email,Phone + email,https://philly-25-homepage-concepts-batch-3.netlify.app/sites/prime-interiors-llc/,,,,,"516 Moreboro Rd, Hatboro, PA 19040",Philadelphia Batch 3,2026-08-05,,,Original 100 - show
46,Robert J. Spence Plumbing and Heating,YES,Design verified,SHOW,(610) 328-2022,rspence@gmail.com,,General public email,Phone + email,https://philly-25-homepage-concepts-batch-3.netlify.app/sites/robert-j-spence-plumbing-and-heating/,,,,,"437 Harwicke Rd, Springfield, PA 19064",Philadelphia Batch 3,2026-08-05,,,Original 100 - show
47,Sharp Edge Construction Company,YES,Design verified,SHOW,(215) 941-2348,sharpedgeconstruction@hotmail.com,,General public email,Phone + email,https://philly-25-homepage-concepts-batch-3.netlify.app/sites/sharp-edge-construction-company/,,,,,"Philadelphia, PA",Philadelphia Batch 3,2026-08-05,,,Original 100 - show
48,Shooster Development,YES,Design verified,SHOW,(610) 627-0394,reoffice@shooter.net,,General public email,Phone + email,https://philly-25-homepage-concepts-batch-3.netlify.app/sites/shooster-development/,,,,,"P.O. Box 349, Media, PA 19063",Philadelphia Batch 3,2026-08-05,,,Original 100 - show
49,"Sioutis Coatings Ent., Inc.",YES,Design verified,SHOW,(610) 359-9117,anasioutis@verizon.net,,General public email,Phone + email,https://philly-25-homepage-concepts-batch-3.netlify.app/sites/sioutis-coatings-ent-inc/,,,,,"406 N Sproul Rd, Broomall, PA 19008",Philadelphia Batch 3,2026-08-05,,,Original 100 - show
50,Tanglewood PTG. Corp.,YES,Design verified,SHOW,(610) 874-6160,twpc@verizon.net,,General public email,Phone + email,https://philly-25-homepage-concepts-batch-3.netlify.app/sites/tanglewood-ptg-corp/,,,,,"Brookhaven, PA 19015",Philadelphia Batch 3,2026-08-05,,,Original 100 - show
51,Trend Painting,YES,Design verified,SHOW,(215) 340-3577,trendpaintinginc@yahoo.com,,General public email,Phone + email,https://philly-25-homepage-concepts-batch-3.netlify.app/sites/trend-painting/,,,,,"Doylestown, PA 18901",Philadelphia Batch 3,2026-08-05,,,Original 100 - show
52,"A.M. Electric, Inc.",YES,Design verified,SHOW,(215) 236-3663,info@amelectricservice.com,,General public email,Phone + email,https://philly-25-redesigns-batch-4.netlify.app/sites/a-m-electric-inc/,,,Electrical,,"2245-47 N. 27th Street, Philadelphia, PA 19132",Philadelphia Batch 4,2026-08-05,,,Original 100 - show
53,All Phase Electric Co.,YES,Design verified,SHOW,(610) 449-4902,info@allphaseelectricco.com,,General public email,Phone + email,https://philly-25-redesigns-batch-4.netlify.app/sites/all-phase-electric-co/,,,Electrical,,"9015 West Chester Pike, Upper Darby, PA 19082",Philadelphia Batch 4,2026-08-05,,,Original 100 - show
54,APT Heating and Cooling,YES,Design verified,SHOW,(610) 213-2914,aptheating.service@hotmail.com,,General public email,Phone + email,https://philly-25-redesigns-batch-4.netlify.app/sites/apt-heating-and-cooling/,,,HVAC,,"1104 Winding Rd, Lansdale, PA 19446",Philadelphia Batch 4,2026-08-05,,,Original 100 - show
55,"Bill Frusco Plumbing, Heating & Cooling",YES,Design verified,SHOW,(215) 728-1482,,,Phone / official contact route,Phone / contact form only,https://philly-25-redesigns-batch-4.netlify.app/sites/bill-frusco-plumbing-heating-cooling/,,,Plumbing / HVAC / commercial,,"8675 Torresdale Ave, Philadelphia, PA 19136",Philadelphia Batch 4,2026-08-05,,,Original 100 - show
56,"Borden Heating & Cooling, Inc.",YES,Design verified,SHOW,(610) 325-9966,,,Phone / official contact route,Phone / contact form only,https://philly-25-redesigns-batch-4.netlify.app/sites/borden-heating-cooling-inc/,,,HVAC,,"501 Abbott Dr, #G3, Broomall, PA 19008",Philadelphia Batch 4,2026-08-05,,,Original 100 - show
57,"Brandon Electric, Inc.",YES,Design verified,SHOW,(215) 722-2988,,,Phone / official contact route,Phone / contact form only,https://philly-25-redesigns-batch-4.netlify.app/sites/brandon-electric-inc/,,,Electrical,,"7335 Rising Sun Ave, Philadelphia, PA 19111",Philadelphia Batch 4,2026-08-05,,,Original 100 - show
58,Centrum Mechanical Services,YES,Design verified,SHOW,(610) 583-9800,,,Phone / official contact route,Phone / contact form only,https://philly-25-redesigns-batch-4.netlify.app/sites/centrum-mechanical-services/,,,Mechanical / HVAC / plumbing,,"685 Elmwood Avenue, Sharon Hill, PA 19079",Philadelphia Batch 4,2026-08-05,,,Original 100 - show
59,Charles Schillinger Company,YES,Design verified,SHOW,(215) 638-7200,,,Phone / official contact route,Phone / contact form only,https://philly-25-redesigns-batch-4.netlify.app/sites/charles-schillinger-company/,,,Metal spinning / forming,,"1329 Ford Road, Bensalem, PA 19020",Philadelphia Batch 4,2026-08-05,,,Original 100 - show
60,"Cleaned by D&D, LLC",YES,Design verified,SHOW,(215) 380-4568,,,,Phone / contact form only,https://philly-25-redesigns-batch-4.netlify.app/sites/cleaned-by-d-d-llc/,,,,,"Philadelphia, PA",Philadelphia Batch 4,2026-08-05,,,Original 100 - show
61,"CompuCraft Fabricators, Inc.",YES,Design verified,SHOW,(215) 654-7778,alfred.erpel@metalwork.com,,General public email,Phone + email,https://philly-25-redesigns-batch-4.netlify.app/sites/compucraft-fabricators-inc/,,,Precision sheet metal,,"102D Park Dr, Montgomeryville, PA 18936",Philadelphia Batch 4,2026-08-05,,,Original 100 - show
62,"Dunryte Electric, Inc.",YES,Design verified,SHOW,(267) 784-6969,dunryteelectricinc@comcast.net,,General public email,Phone + email,https://philly-25-redesigns-batch-4.netlify.app/sites/dunryte-electric-inc/,,,Electrical,,"158 Pinehill Rd, Feasterville-Trevose, PA 19053",Philadelphia Batch 4,2026-08-05,,,Original 100 - show
63,"Ernest D. Menold, Inc.",YES,Design verified,SHOW,(610) 521-4700,menold@menold.com,,General public email,Phone + email,https://philly-25-redesigns-batch-4.netlify.app/sites/ernest-d-menold-inc/,,,General sheet metal,,"445 Powhatan Avenue, Lester, PA 19029",Philadelphia Batch 4,2026-08-05,,,Original 100 - show
64,Gallagher Fabrication & Machine,YES,Design verified,SHOW,(484) 366-7574,doug@gallagherfab.com,,General public email,Phone + email,https://philly-25-redesigns-batch-4.netlify.app/sites/gallagher-fabrication-machine/,,,Fabrication / machining,,"2125 Fox Hollow Ln, East Greenville, PA 18041",Philadelphia Batch 4,2026-08-05,,,Original 100 - show
65,Guaranteed Plumbing & Heating,YES,Design verified,SHOW,(215) 342-7200,,,Phone / official contact route,Phone / contact form only,https://philly-25-redesigns-batch-4.netlify.app/sites/guaranteed-plumbing-heating/,,,Plumbing / HVAC,,"900 Cottman Ave, Philadelphia, PA 19111",Philadelphia Batch 4,2026-08-05,,,Original 100 - show
66,H&G Sign Company,YES,Design verified,SHOW,(215) 425-7753,,,,Phone / contact form only,https://philly-25-redesigns-batch-4.netlify.app/sites/h-g-sign-company/,,,,,"3450 Salmon Street, Unit 303B, Philadelphia, PA 19125",Philadelphia Batch 4,2026-08-05,,,Original 100 - show
67,"JDV Electric, LLC",YES,Design verified,SHOW,(610) 364-5099,,,Phone / official contact route,Phone / contact form only,https://philly-25-redesigns-batch-4.netlify.app/sites/jdv-electric-llc/,,,Electrical,,"777 W Providence Rd Unit B, Lansdowne, PA 19050",Philadelphia Batch 4,2026-08-05,,,Original 100 - show
68,K.A.M. Sheet Metal & Fab,YES,Design verified,SHOW,(267) 608-6287,ray.kamsm@gmail.com,,General public email,Phone + email,https://philly-25-redesigns-batch-4.netlify.app/sites/k-a-m-sheet-metal-fab/,,,,,"800 Pine Hill Rd, Philadelphia, PA",Philadelphia Batch 4,2026-08-05,,,Original 100 - show
69,Manayunk Plumbing & Heating,YES,Design verified,SHOW,(610) 936-8707,,,Phone / official contact route,Phone / contact form only,https://philly-25-redesigns-batch-4.netlify.app/sites/manayunk-plumbing-heating/,,,,,"Philadelphia, PA 19128",Philadelphia Batch 4,2026-08-05,,,Original 100 - show
70,"Solution Based Plumbing and Heating, Inc.",YES,Design verified,SHOW,(215) 584-2098,,,Phone / official contact route,Phone / contact form only,https://philly-25-redesigns-batch-4.netlify.app/sites/solution-based-plumbing-and-heating-inc/,,,,,"Levittown, PA 19056",Philadelphia Batch 4,2026-08-05,,,Original 100 - show
71,Strickland Electric,YES,Design verified,SHOW,(267) 973-1752,tystrickelectric@gmail.com,,General public email,Phone + email,https://philly-25-redesigns-batch-4.netlify.app/sites/strickland-electric/,,,,,"Philadelphia, PA",Philadelphia Batch 4,2026-08-05,,,Original 100 - show
72,Summers Quality Services,YES,Design verified,SHOW,(215) 482-8800,,,Phone / official contact route,Phone / contact form only,https://philly-25-redesigns-batch-4.netlify.app/sites/summers-quality-services/,,,,,"8200 Ridge Avenue, Philadelphia, PA 19128",Philadelphia Batch 4,2026-08-05,,,Original 100 - show
73,United Metal Construction LLC,YES,Design verified,SHOW,(215) 941-7873,info@unitedmconstruction.com,,General public email,Phone + email,https://philly-25-redesigns-batch-4.netlify.app/sites/united-metal-construction-llc/,,,,,"7930 State Rd, Philadelphia, PA 19136",Philadelphia Batch 4,2026-08-05,,,Original 100 - show
74,"Waste Gas Fabricating Company, Inc.",YES,Design verified,SHOW,(215) 736-9240,sales@wastegas.com,,General public email,Phone + email,https://philly-25-redesigns-batch-4.netlify.app/sites/waste-gas-fabricating-company-inc/,,,,,"450 New Bold Road, Fairless Hills, PA 19030",Philadelphia Batch 4,2026-08-05,,,Original 100 - show
75,"Wilson's Forklift Service, LLC",YES,Design verified,SHOW,(610) 383-9270,info@wilsonsforklift.com,,General public email,Phone + email,https://philly-25-redesigns-batch-4.netlify.app/sites/wilson-s-forklift-service-llc/,,,,,"1391 Valley Rd, Coatesville, PA 19320",Philadelphia Batch 4,2026-08-05,,,Original 100 - show
76,Young's Electrical Services Inc.,YES,Design verified,SHOW,(215) 962-3904,rayoung3j@msn.com,,General public email,Phone + email,https://philly-25-redesigns-batch-4.netlify.app/sites/young-s-electrical-services-inc/,,,,,"Glenside, PA 19038",Philadelphia Batch 4,2026-08-05,,,Original 100 - show
77,Academy Chiropractic Center,YES,Design verified,SHOW,(215) 546-4860,,,Phone / official contact route,Phone / contact form only,https://philly-25-homepage-concepts-batch-2.netlify.app/academy-chiropractic-center/,,,Medical & Healthcare,,"1420 Locust St. R5, Philadelphia, PA 19102",Philadelphia W31 verified 25,2026-08-05,,,Open the Batch 2 hub URL. The remount is
78,Acupuncture Medical Practice,YES,Design verified,SHOW,(215) 751-9833,acupuncturephilly@yahoo.com,,General public email,Phone + email,https://philly-25-homepage-concepts-batch-2.netlify.app/acupuncture-medical-practice/,,,Medical & Healthcare,,"1737 Chestnut Street, Ste. 200, Philadelphia, PA 19103",Philadelphia W31 verified 25,2026-08-05,,,Open the Batch 2 hub URL. The remount is
79,Bridesburg Spine and Injury Clinic,YES,Design verified,SHOW,(215) 743-5330,,,Phone / official contact route,Phone / contact form only,https://philly-25-homepage-concepts-batch-2.netlify.app/bridesburg-spine-and-injury-clinic/,,,Medical & Healthcare,,"2644 Lefevre St, Philadelphia, PA 19137",Philadelphia W31 verified 25,2026-08-05,,,Open the Batch 2 hub URL. The remount is
80,"Bustleton Services, Inc",YES,Design verified,SHOW,(215) 447-3140,info@bustletonservices.com,,General public email,Phone + email,https://philly-25-homepage-concepts-batch-2.netlify.app/bustleton-services/,,,Home Services,,"735 Birch Avenue, Bensalem, PA 19020",Philadelphia W31 verified 25,2026-08-05,,,Open the Batch 2 hub URL. The remount is
81,E & E cleaning services,YES,Design verified,SHOW,(267) 593-0603,eandecleaning@mail.com,,General public email,Phone + email,https://philly-25-homepage-concepts-batch-2.netlify.app/e-and-e-cleaning/,,,Home Services,,"2025 South Norwood Street, Philadelphia, PA 19145",Philadelphia W31 verified 25,2026-08-05,,,Open the Batch 2 hub URL. The remount is
82,Farrell's Roofing,YES,Design verified,SHOW,(215) 501-0276,farrellsroofingphilly@gmail.com,,General public email,Phone + email,https://philly-25-homepage-concepts-batch-2.netlify.app/farrells-roofing/,,,Home Services,,"12801 Medford Rd, Philadelphia, PA",Philadelphia W31 verified 25,2026-08-05,,,Open the Batch 2 hub URL. The remount is
83,GREATER PHILADELPHIA CHIROPRACTIC CENTER,YES,Design verified,SHOW,(215) 338-8555,,,Phone / official contact route,Phone / contact form only,https://philly-25-homepage-concepts-batch-2.netlify.app/greater-philadelphia-chiropractic-center/,,,Medical & Healthcare,,"2612 Rhawn St, Philadelphia, PA 19152",Philadelphia W31 verified 25,2026-08-05,,,Open the Batch 2 hub URL. The remount is
84,Hal Rosenthaler DMD,YES,Design verified,SHOW,(215) 673-7400,info@halrosenthalerdmd.com,,General public email,Phone + email,https://philly-25-homepage-concepts-batch-2.netlify.app/hal-rosenthaler-dmd/,,,Medical & Healthcare,,"1718 Welsh Road, Philadelphia, PA",Philadelphia W31 verified 25,2026-08-05,,,Open the Batch 2 hub URL. The remount is
85,Lawrence Kassan Podiatry,YES,Design verified,SHOW,(215) 336-4151,,,Phone / official contact route,Phone / contact form only,https://philly-25-homepage-concepts-batch-2.netlify.app/lawrence-kassan-podiatry/,,,,,"2101 Snyder Avenue, Philadelphia, PA 19145",Philadelphia W31 verified 25,2026-08-05,,,Open the Batch 2 hub URL. The remount is
86,Martha's Sophisticated Shine,YES,Design verified,SHOW,(267) 694-9410,marthas.shine@gmail.com,,General public email,Phone + email,https://philly-25-homepage-concepts-batch-2.netlify.app/marthas-sophisticated-shine/,,,,,"Philadelphia, PA",Philadelphia W31 verified 25,2026-08-05,,,Open the Batch 2 hub URL. The remount is
87,Mayfair Family Chiropractic Center,YES,Design verified,SHOW,(215) 332-8686,,,Phone / official contact route,Phone / contact form only,https://philly-25-homepage-concepts-batch-2.netlify.app/mayfair-family-chiropractic/,,,,,"3301 Ryan Ave, Philadelphia, PA",Philadelphia W31 verified 25,2026-08-05,,,Open the Batch 2 hub URL. The remount is
88,Mayfair Fence,YES,Design verified,SHOW,(215) 676-1120,info@mayfairfence.com,,General public email,Phone + email,https://philly-25-homepage-concepts-batch-2.netlify.app/mayfair-fence/,,,,,"13420 Damar Drive, Philadelphia, PA",Philadelphia W31 verified 25,2026-08-05,,,Open the Batch 2 hub URL. The remount is
89,Metro Physical Medicine,YES,Design verified,SHOW,(215) 422-3140,,,Phone / official contact route,Phone / contact form only,https://philly-25-homepage-concepts-batch-2.netlify.app/metro-physical-medicine/,,,,,"15 N. 22nd Street, Philadelphia, PA",Philadelphia W31 verified 25,2026-08-05,,,Open the Batch 2 hub URL. The remount is
90,Moss Contracting,YES,Design verified,SHOW,(267) 303-3614,r.moss@mosscontractingllc.com,,General public email,Phone + email,https://philly-25-homepage-concepts-batch-2.netlify.app/moss-contracting/,,,,,"2924 Ridge Ave, Philadelphia, PA",Philadelphia W31 verified 25,2026-08-05,,,Open the Batch 2 hub URL. The remount is
91,Northeast Family Foot Care,YES,Design verified,SHOW,(215) 673-3200,,,Phone / official contact route,Phone / contact form only,https://philly-25-homepage-concepts-batch-2.netlify.app/northeast-family-foot-care/,,,,,"9892 Bustleton Ave., First Floor, Philadelphia, PA 19115",Philadelphia W31 verified 25,2026-08-05,,,Open the Batch 2 hub URL. The remount is
92,Oxford Rehabilitation Center,YES,Design verified,SHOW,(215) 725-2000,,,Phone / official contact route,Phone / contact form only,https://philly-25-homepage-concepts-batch-2.netlify.app/oxford-rehabilitation-center/,,,,,"6735 Harbison Ave, Philadelphia, PA",Philadelphia W31 verified 25,2026-08-05,,,Open the Batch 2 hub URL. The remount is
93,"Patriot Fence & Ironworks, LLC.",YES,Design verified,SHOW,(215) 943-3631,,,Phone / official contact route,Phone / contact form only,https://philly-25-homepage-concepts-batch-2.netlify.app/patriot-fence-and-ironworks/,,,,,"77 Canyon Road, Levittown, PA 19057",Philadelphia W31 verified 25,2026-08-05,,,Original Batch 2 design. Open this Batch
94,Philly Medical and Rehab Associates,YES,Design verified,SHOW,(215) 535-5616,pmrainc@gmail.com,,General public email,Phone + email,https://philly-25-homepage-concepts-batch-2.netlify.app/philly-medical-and-rehab-associates/,,,,,"6401 Rising Sun Ave, Philadelphia, PA 19111",Philadelphia W31 verified 25,2026-08-05,,,Original Batch 2 design. Open this Batch
95,PT in Philly,YES,Design verified,SHOW,(267) 201-0986,ptinphilly@gmail.com,,General public email,Phone + email,https://philly-25-homepage-concepts-batch-2.netlify.app/pt-in-philly/,,,,,"241 South 2nd Street, Philadelphia, PA 19106",Philadelphia W31 verified 25,2026-08-05,,,Open the Batch 2 hub URL. The remount is
96,RHI Construction Inc.,YES,Design verified,SHOW,(267) 872-3318,office@rhihomes.com,,General public email,Phone + email,https://philly-25-homepage-concepts-batch-2.netlify.app/rhi-construction/,,,,,"21 Wolf Street, Philadelphia, PA 19148",Philadelphia W31 verified 25,2026-08-05,,,Open the Batch 2 hub URL. The remount is
97,Rittenhouse Square Chiro,YES,Design verified,SHOW,(215) 546-1010,,,Phone / official contact route,Phone / contact form only,https://philly-25-homepage-concepts-batch-2.netlify.app/rittenhouse-square-chiro/,,,,,,Philadelphia W31 verified 25,2026-08-13,,,Original Batch 2 design. Open this Batch
98,Rufus Chiropractic and Wellness,YES,Design verified,SHOW,(215) 673-1113,,,Phone / official contact route,Phone / contact form only,https://philly-25-homepage-concepts-batch-2.netlify.app/rufus-chiropractic-and-wellness/,,,,,"2875 Holme Ave, Philadelphia, PA 19152",Philadelphia W31 verified 25,2026-08-05,,,Open the Batch 2 hub URL. The remount is
99,SCRC Accident & Injury Center,YES,Design verified,SHOW,(267) 286-0934,,,Phone / official contact route,Phone / contact form only,https://philly-25-homepage-concepts-batch-2.netlify.app/scrc-accident-and-injury-center/,,,,,"7707 Ogontz Ave, Philadelphia, PA 19150",Philadelphia W31 verified 25,2026-08-05,,,Original Batch 2 design. Open this Batch
100,ZBC General Contracting,YES,Design verified,SHOW,(267) 688-9024,zbcrox447@comcast.net,,General public email,Phone + email,https://philly-25-homepage-concepts-batch-2.netlify.app/zbc-general-contracting/,https://zbcgeneralcontracting.com/,68,plumber,Philadelphia,"447 Roxborough Avenue, Philadelphia, PA 19128",Philadelphia W31 verified 25,2026-08-05,,,Open the Batch 2 hub URL. The remount is
101,Andorra Family Dentistry,NO,Never design-reviewed,REVIEW,(215) 515-5710,,,Phone / official contact route,Phone / contact form only,https://momentum-prospect-radar-next20-2026-08-11.netlify.app/sites/andorra-family-dentistry/,https://www.andorradental.com/,26,Business,Philadelphia,,phl-2026-w33,2026-08-13,design-review-pending,,Confirm on screenshare
102,Benjamin Lovell Shoes,NO,Never design-reviewed,REVIEW,(215) 564-4655,,,Phone / official contact route,Phone / contact form only,https://momentum-prospect-radar-next20-2026-08-11.netlify.app/sites/benjamin-lovell-shoes/,https://www.blshoes.com/,33,Business,Montgomery County,,phl-2026-w33,2026-08-13,design-review-pending,,Confirm on screenshare
103,Davidson Fabricating,NO,Never design-reviewed,REVIEW,(610) 544-9750,,,Phone / official contact route,Phone / contact form only,https://momentum-prospect-radar-next20-2026-08-11.netlify.app/sites/davidson-fabricating/,https://davidsonfab.com/,33,Business,Chester County,,phl-2026-w33,2026-08-13,design-review-pending,,Confirm on screenshare
104,Dream Team Home Services,NO,Never design-reviewed,REVIEW,(610) 477-8226,,,Phone / official contact route,Phone / contact form only,https://momentum-prospect-radar-next20-2026-08-11.netlify.app/sites/dream-team-hvac/,https://dreamteampa.com/,33,Business,Chester County,,phl-2026-w33,2026-08-13,design-review-pending,,Confirm on screenshare
105,Dutton Road Veterinary Clinic,NO,No photography on the remount,REVIEW,(215) 331-2968,,,Phone / official contact route,Phone / contact form only,https://momentum-prospect-radar-next20-2026-08-11.netlify.app/sites/dutton-road-veterinary-clinic/,http://duttonroadvetclinic.com/,25,Business,Philadelphia,,phl-2026-w33,2026-08-13,missing-images,,No photos - do not show
106,Eastern Dragon,NO,Never design-reviewed,REVIEW,(215) 855-0366,,,Phone / official contact route,Phone / contact form only,https://momentum-prospect-radar-next20-2026-08-11.netlify.app/sites/eastern-dragon/,http://easterndragonfood.com/,31,Business,Montgomery County,,phl-2026-w33,2026-08-13,design-review-pending,,Confirm on screenshare
107,Electric Direct,NO,Never design-reviewed,REVIEW,(610) 853-8288,,,Phone / official contact route,Phone / contact form only,https://momentum-prospect-radar-next20-2026-08-11.netlify.app/sites/electric-direct/,https://www.electric-direct.net/,40,Business,Delaware County,,phl-2026-w33,2026-08-13,design-review-pending,,Confirm on screenshare
108,Elverson Supply,NO,Never design-reviewed,REVIEW,(610) 286-5021,,,Phone / official contact route,Phone / contact form only,https://momentum-prospect-radar-next20-2026-08-11.netlify.app/sites/elverson-supply/,https://elversonsupply.net/,33,Business,Chester County,,phl-2026-w33,2026-08-13,design-review-pending,,Confirm on screenshare
109,Floral and Hardy of Skippack,NO,Never design-reviewed,REVIEW,(610) 584-0797,,,Phone / official contact route,Phone / contact form only,https://momentum-prospect-radar-next20-2026-08-11.netlify.app/sites/floral-and-hardy/,https://floralandhardyofskippack.com/,33,Business,Montgomery County,,phl-2026-w33,2026-08-13,design-review-pending,,Confirm on screenshare
110,Frederick W. Oster Fine Violins,NO,Never design-reviewed,REVIEW,(215) 545-1100,,,Phone / official contact route,Phone / contact form only,https://momentum-prospect-radar-next20-2026-08-11.netlify.app/sites/oster-fine-violins/,https://www.osterviolins.com/,33,musical-instrument,Philadelphia,,phl-2026-w33,2026-08-13,design-review-pending,,Confirm on screenshare
111,GO2 Tech,NO,Never design-reviewed,REVIEW,(610) 567-3462,,,Phone / official contact route,Phone / contact form only,https://momentum-prospect-radar-next20-2026-08-11.netlify.app/sites/go2tech/,https://www.go2tech.com/,33,Business,Delaware County,,phl-2026-w33,2026-08-13,design-review-pending,,Confirm on screenshare
112,Home Furnishing Consignment,NO,Never design-reviewed,REVIEW,(610) 964-1903,,,Phone / official contact route,Phone / contact form only,https://momentum-prospect-radar-next20-2026-08-11.netlify.app/sites/home-furnishings-consignment/,http://www.hfconsignment.com/,31,Business,Chester County,,phl-2026-w33,2026-08-13,design-review-pending,,Confirm on screenshare
113,Johnny's Pizza & Pasta,NO,Never design-reviewed,REVIEW,(610) 287-4771,,,Phone / official contact route,Phone / contact form only,https://momentum-prospect-radar-next20-2026-08-11.netlify.app/sites/johnnys-pizza/,http://johnnysitaliano.com/,36,Business,Montgomery County,,phl-2026-w33,2026-08-13,design-review-pending,,Confirm on screenshare
114,MacLaren Kitchen and Bath,NO,Never design-reviewed,REVIEW,(610) 436-5436,,,Phone / official contact route,Phone / contact form only,https://momentum-prospect-radar-next20-2026-08-11.netlify.app/sites/maclaren-kitchen-and-bath/,https://maclarenfab.com/,33,hardware,Chester County,,phl-2026-w33,2026-08-13,design-review-pending,,Confirm on screenshare
115,Metalmorphose Ironworks,NO,Never design-reviewed,REVIEW,(484) 919-4548,,,Phone / official contact route,Phone / contact form only,https://momentum-prospect-radar-next20-2026-08-11.netlify.app/sites/metalmorphose-iron-studio/,https://metalmorphoseironworks.com/,55,metal-construction,Chester County,,phl-2026-w33,2026-08-13,design-review-pending,,Confirm on screenshare
116,Oaks Italian Deli And Pizzeria,NO,Never design-reviewed,REVIEW,(610) 666-0280,,,Phone / official contact route,Phone / contact form only,https://momentum-prospect-radar-next20-2026-08-11.netlify.app/sites/oaks-italian-deli/,http://oaksitaliandeli.com/,46,restaurant,Montgomery County,,phl-2026-w33,2026-08-13,design-review-pending,,Confirm on screenshare
117,Peking Gourmet,NO,Never design-reviewed,REVIEW,(610) 326-2332,,,Phone / official contact route,Phone / contact form only,https://momentum-prospect-radar-next20-2026-08-11.netlify.app/sites/peking-gourmet/,http://pekinggourmetpottstown.com/,36,restaurant,Montgomery County,,phl-2026-w33,2026-08-13,design-review-pending,,Confirm on screenshare
118,Philadelphia Garage,NO,Never design-reviewed,REVIEW,(610) 788-2242,,,Phone / official contact route,Phone / contact form only,https://momentum-prospect-radar-next20-2026-08-11.netlify.app/sites/philadelphia-garage/,https://www.philadelphiagarage.com/,33,floorer,Chester County,"11 Hagerty Blvd, Suite 8, West Chester, PA 19382",phl-2026-w33,2026-08-13,design-review-pending,,Confirm on screenshare
119,Pipe Xpress,NO,Never design-reviewed,REVIEW,(610) 918-7120,,,Phone / official contact route,Phone / contact form only,https://momentum-prospect-radar-next20-2026-08-11.netlify.app/sites/pipe-xpress/,https://pipexpressinc.com/,33,hardware,Chester County,,phl-2026-w33,2026-08-13,design-review-pending,,Confirm on screenshare
120,Pro Nails,NO,Never design-reviewed,REVIEW,(215) 657-6245,,,Phone / official contact route,Phone / contact form only,https://momentum-prospect-radar-next20-2026-08-11.netlify.app/sites/pro-nails/,https://gopronails.com/,33,beauty,Montgomery County,,phl-2026-w33,2026-08-13,design-review-pending,,Confirm on screenshare
121,Salter's Fireplace,NO,Never design-reviewed,REVIEW,(610) 631-9372,,,Phone / official contact route,Phone / contact form only,https://momentum-prospect-radar-next20-2026-08-11.netlify.app/sites/salters-fireplace/,,,,,,phl-2026-w33,2026-08-13,design-review-pending,,Confirm on screenshare
122,Southampton Hot Tub,NO,Never design-reviewed,REVIEW,(215) 791-6170,,,Phone / official contact route,Phone / contact form only,https://momentum-prospect-radar-next20-2026-08-11.netlify.app/sites/southampton-hot-tub/,https://southamptonhottub.com/,33,swimming-pool,Chester County,,phl-2026-w33,2026-08-13,design-review-pending,,Confirm on screenshare
123,The New Pennsburg Diner,NO,Never design-reviewed,REVIEW,(215) 679-2190,,,Phone / official contact route,Phone / contact form only,https://momentum-prospect-radar-next20-2026-08-11.netlify.app/sites/new-pennsburg-diner/,https://pennsburgdiner.com/,33,restaurant,Montgomery County,,phl-2026-w33,2026-08-13,design-review-pending,,Confirm on screenshare
124,THR Insurance,NO,Never design-reviewed,REVIEW,(610) 426-0007,,,Phone / official contact route,Phone / contact form only,https://momentum-prospect-radar-next20-2026-08-11.netlify.app/sites/thr-insurance/,http://www.thrinsurance.com/,43,insurance,Montgomery County,,phl-2026-w33,2026-08-13,design-review-pending,,Confirm on screenshare
125,WJA Landscaping,NO,Never design-reviewed,REVIEW,(267) 278-9754,,,Phone / official contact route,Phone / contact form only,https://momentum-prospect-radar-next20-2026-08-11.netlify.app/sites/wja-landscaping/,https://www.wjalandscaping.com/,33,gardener,Montgomery County,"138 Pennapacker Rd, Collegeville, PA 19426",phl-2026-w33,2026-08-13,design-review-pending,,Confirm on screenshare
126,Always Dental Care,NO,"Hero art is generated, not real",REVIEW,(484) 392-7687,,,Phone / official contact route,Phone / contact form only,https://momentum-prospect-radar-next20-2026-08-11.netlify.app/sites/always-dental-care/,https://www.alwaysdentalcare.com/,26,Business,Montgomery County,,phl-2026-w34,2026-08-13,hero-not-authentic,,Taste-pass first
127,Auger Manufacturing Specialists,NO,Never design-reviewed,REVIEW,(610) 647-4677,,,Phone / official contact route,Phone / contact form only,https://momentum-prospect-radar-next20-2026-08-11.netlify.app/sites/auger-manufacturing/,http://augermfgspec.com/,36,Business,Chester County,,phl-2026-w34,2026-08-13,design-review-pending,,Confirm on screenshare
128,Barnes Financial Group,NO,Never design-reviewed,REVIEW,(610) 627-2340,,,Phone / official contact route,Phone / contact form only,https://momentum-prospect-radar-next20-2026-08-11.netlify.app/sites/barnes-financial-group/,http://www.barnesfinancial.com/,23,Business,Delaware County,"Media, PA",phl-2026-w34,2026-08-13,design-review-pending,,Confirm on screenshare
129,BeBalanced Royersford,NO,Never design-reviewed,REVIEW,(610) 968-2322,,,Phone / official contact route,Phone / contact form only,https://momentum-prospect-radar-next20-2026-08-11.netlify.app/sites/be-balanced-hormone/,https://www.bebalancedliving.com/our-story-learn-more,,Business,,"519 Main St, Royersford, PA",phl-2026-w34,2026-08-13,design-review-pending,,Confirm on screenshare
130,BG Electric Service LLC,NO,Never design-reviewed,REVIEW,(215) 990-7966,,,Phone / official contact route,Phone / contact form only,https://momentum-prospect-radar-next20-2026-08-11.netlify.app/sites/bg-electric/,https://www.bgelectricservicellc.com/,33,Business,Philadelphia,"Philadelphia, PA",phl-2026-w34,2026-08-13,design-review-pending,,Confirm on screenshare
131,BPM Fitness,NO,Never design-reviewed,REVIEW,(215) 515-3110,,,Phone / official contact route,Phone / contact form only,https://momentum-prospect-radar-next20-2026-08-11.netlify.app/sites/bpm-fitness/,https://bpmfitnessphl.com/,33,Business,Philadelphia,"1808 Spring Garden St, Philadelphia, PA",phl-2026-w34,2026-08-13,design-review-pending,,Confirm on screenshare
132,Chestnut Hill Animal Hospital,NO,Never design-reviewed,REVIEW,(215) 836-2950,,,Phone / official contact route,Phone / contact form only,https://momentum-prospect-radar-next20-2026-08-11.netlify.app/sites/chestnut-hill-animal-hospital/,http://chestnuthillvet.com/,32,Business,Montgomery County,,phl-2026-w34,2026-08-13,design-review-pending,,Confirm on screenshare
133,Colmar Dentistry For Kids,NO,Never design-reviewed,REVIEW,(215) 822-6777,,,Phone / official contact route,Phone / contact form only,https://momentum-prospect-radar-next20-2026-08-11.netlify.app/sites/colmar-dentistry-for-kids/,https://www.colmarkids.com/,24,Business,Montgomery County,"Colmar, PA",phl-2026-w34,2026-08-13,design-review-pending,,Confirm on screenshare
134,County Line Veterinary Hospital,NO,Never design-reviewed,REVIEW,(215) 675-0533,,,Phone / official contact route,Phone / contact form only,https://momentum-prospect-radar-next20-2026-08-11.netlify.app/sites/county-line-veterinary-hospital/,https://www.warminsterhorshamvet.com/,33,Business,Montgomery County,,phl-2026-w34,2026-08-13,design-review-pending,,Confirm on screenshare
135,DreamMaker Bath & Kitchen of Chester County,NO,Never design-reviewed,REVIEW,(610) 484-2000,,,Phone / official contact route,Phone / contact form only,https://momentum-prospect-radar-next20-2026-08-11.netlify.app/sites/dreammaker-bath-kitchen/,https://www.dreammaker-remodel.com/chester-county/,33,Business,Chester County,"Chester County, PA",phl-2026-w34,2026-08-13,design-review-pending,,Confirm on screenshare
136,Easy Auto Tag & Insurance,NO,Never design-reviewed,REVIEW,(267) 239-0692,,,Phone / official contact route,Phone / contact form only,https://momentum-prospect-radar-next20-2026-08-11.netlify.app/sites/easy-auto-tag-insurance/,http://www.easyautotag.com/,36,Business,Philadelphia,,phl-2026-w34,2026-08-13,design-review-pending,,Confirm on screenshare
137,"Eisenberg, Rothweiler, Winkler, Eisenberg & Jeck",NO,Never design-reviewed,REVIEW,(215) 546-6636,,,Phone / official contact route,Phone / contact form only,https://momentum-prospect-radar-next20-2026-08-11.netlify.app/sites/eisenberg-rothweiler/,https://www.erlegal.com/,33,Business,Philadelphia,,phl-2026-w34,2026-08-13,design-review-pending,,Confirm on screenshare
138,Fillman & Sons Floors & More,NO,Never design-reviewed,REVIEW,(610) 928-1515,,,Phone / official contact route,Phone / contact form only,https://momentum-prospect-radar-next20-2026-08-11.netlify.app/sites/fillman-and-sons-floors/,http://www.fillmanandsons.com/,25,Business,Lehigh County,,phl-2026-w34,2026-08-13,design-review-pending,,Confirm on screenshare
139,Glen Eagle Pediatric Dentistry,NO,Never design-reviewed,REVIEW,(484) 639-9066,,,Phone / official contact route,Phone / contact form only,https://momentum-prospect-radar-next20-2026-08-11.netlify.app/sites/glen-eagle-pediatric-dentistry/,https://gleneaglepediatricdentistry.com/,33,Business,Delaware County,,phl-2026-w34,2026-08-13,design-review-pending,,Confirm on screenshare
140,HaverCrown Dental,NO,Never design-reviewed,REVIEW,(610) 446-6688,,,Phone / official contact route,Phone / contact form only,https://momentum-prospect-radar-next20-2026-08-11.netlify.app/sites/havercrown-dental/,https://www.havercrowndental.com/,23,Business,Delaware County,,phl-2026-w34,2026-08-13,design-review-pending,,Confirm on screenshare
141,Jarman Sales & Service,NO,Never design-reviewed,REVIEW,(215) 389-2345,,,Phone / official contact route,Phone / contact form only,https://momentum-prospect-radar-next20-2026-08-11.netlify.app/sites/jarman-hvac/,http://jarmanairconditioning.com/,20,Business,Philadelphia,,phl-2026-w34,2026-08-13,design-review-pending,,Confirm on screenshare
142,L. A. Verruni Landscaping,NO,Never design-reviewed,REVIEW,(610) 327-2622,,,Phone / official contact route,Phone / contact form only,https://momentum-prospect-radar-next20-2026-08-11.netlify.app/sites/verruni-landscaping/,http://www.verrunilandscaping.com/,25,gardener,Montgomery County,"Sanatoga, PA",phl-2026-w34,2026-08-13,design-review-pending,,Confirm on screenshare
143,Live Urgent Care King of Prussia,NO,Never design-reviewed,REVIEW,(484) 750-5212,,,Phone / official contact route,Phone / contact form only,https://momentum-prospect-radar-next20-2026-08-11.netlify.app/sites/live-urgent-care/,https://liveurgentcare.com/locations/kingofprussia/,32,clinic,Montgomery County,"King of Prussia, PA",phl-2026-w34,2026-08-13,design-review-pending,,Confirm on screenshare
144,Malvern Vision Care,NO,Never design-reviewed,REVIEW,(610) 644-1879,,,Phone / official contact route,Phone / contact form only,https://momentum-prospect-radar-next20-2026-08-11.netlify.app/sites/malvern-vision-care/,https://www.malvernvision.com/,23,optician,Chester County,"Malvern, PA",phl-2026-w34,2026-08-13,design-review-pending,,Confirm on screenshare
145,McMenamin & Margiotti,NO,Never design-reviewed,REVIEW,(215) 822-1888,,,Phone / official contact route,Phone / contact form only,https://momentum-prospect-radar-next20-2026-08-11.netlify.app/sites/mcmenamin-margiotti/,https://buxmontlaw.com/,33,lawyer,Montgomery County,"2303 N Broad St, Suite 2, Colmar, PA 18915",phl-2026-w34,2026-08-13,design-review-pending,,Confirm on screenshare
146,Pennsylvania Dental Group,NO,Never design-reviewed,REVIEW,(215) 387-0883,,,Phone / official contact route,Phone / contact form only,https://momentum-prospect-radar-next20-2026-08-11.netlify.app/sites/pennsylvania-dental-group/,https://www.padentalgroup.com/,33,dentist,Philadelphia,,phl-2026-w34,2026-08-13,design-review-pending,,Confirm on screenshare
147,Plastic & Reconstructive Surgical Solutions,NO,Never design-reviewed,REVIEW,(610) 474-2767,,,Phone / official contact route,Phone / contact form only,https://momentum-prospect-radar-next20-2026-08-11.netlify.app/sites/plastic-surgery-solutions/,https://plasticsurgerysolutions.com/,33,doctor,Montgomery County,"900 Heritage Dr, Suite 920, Sanatoga, PA 19464",phl-2026-w34,2026-08-13,design-review-pending,,Confirm on screenshare
148,Sciacca Service Center,NO,Never design-reviewed,REVIEW,(610) 277-7744,,,Phone / official contact route,Phone / contact form only,https://momentum-prospect-radar-next20-2026-08-11.netlify.app/sites/sciacca-service-center/,http://sciaccaservicecenter.com/,15,car-repair,Montgomery County,,phl-2026-w34,2026-08-13,design-review-pending,,Confirm on screenshare
149,Train and Nourish,NO,Never design-reviewed,REVIEW,(267) 710-7744,,,Phone / official contact route,Phone / contact form only,https://momentum-prospect-radar-next20-2026-08-11.netlify.app/sites/train-and-nourish/,https://trainandnourish.com/,32,fitness-centre,Philadelphia,,phl-2026-w34,2026-08-13,design-review-pending,,Confirm on screenshare
150,Wynnewood Eye Care,NO,Never design-reviewed,REVIEW,(610) 896-4540,,,Phone / official contact route,Phone / contact form only,https://momentum-prospect-radar-next20-2026-08-11.netlify.app/sites/wynnewood-eyecare/,https://www.wynnewoodeyecare.com/,23,optometrist,Montgomery County,"Wynnewood, PA",phl-2026-w34,2026-08-13,design-review-pending,,Confirm on screenshare
151,Artisan Wine and Cheese Cellars,NO,Never design-reviewed,REVIEW,(610) 813-2851,,,Phone / official contact route,Phone / contact form only,https://momentum-prospect-radar-next20-2026-08-11.netlify.app/sites/artisan-wine-and-cheese-cellars/,https://www.artisanwineandcheesecellars.com/,,Business,,,Current Next 20,2026-08-13,design-review-pending,,Confirm on screenshare
152,Chadds Ford Animal Hospital,NO,Never design-reviewed,REVIEW,(610) 388-2141,,,Phone / official contact route,Phone / contact form only,https://momentum-prospect-radar-next20-2026-08-11.netlify.app/sites/chadds-ford-animal-hospital/,http://www.chaddsfordanimalhospital.vetsuite.com/,,Business,,,Current Next 20,2026-08-13,design-review-pending,,Confirm on screenshare
153,Ciocca Pre-Owned Autos,NO,Never design-reviewed,REVIEW,(610) 395-3745,,,Phone / official contact route,Phone / contact form only,https://momentum-prospect-radar-next20-2026-08-11.netlify.app/sites/ciocca-pre-owned-autos/,https://www.cioccasubaru.com/used-inventory/ciocca-subaru.htm,,Business,,,Current Next 20,2026-08-13,design-review-pending,,Confirm on screenshare
154,Del Chevrolet,NO,Never design-reviewed,REVIEW,(610) 647-9440,,,Phone / official contact route,Phone / contact form only,https://momentum-prospect-radar-next20-2026-08-11.netlify.app/sites/del-chevrolet/,https://www.delchevrolet.com/,,Business,,,Current Next 20,2026-08-13,design-review-pending,,Confirm on screenshare
155,Dinse Dental Care,NO,Never design-reviewed,REVIEW,(717) 396-0330,,,Phone / official contact route,Phone / contact form only,https://momentum-prospect-radar-next20-2026-08-11.netlify.app/sites/dinse-dental-care/,http://www.dinsedentalcare.com/,,Business,,,Current Next 20,2026-08-13,design-review-pending,,Confirm on screenshare
156,Faulkner Buick GMC,NO,Never design-reviewed,REVIEW,(610) 674-0610,,,Phone / official contact route,Phone / contact form only,https://momentum-prospect-radar-next20-2026-08-11.netlify.app/sites/faulkner-buick-gmc/,https://www.faulknerauto.com/,,Business,,,Current Next 20,2026-08-13,design-review-pending,,Confirm on screenshare
157,Fredo's Deli,NO,Never design-reviewed,REVIEW,(412) 344-1060,,,Phone / official contact route,Phone / contact form only,https://momentum-prospect-radar-next20-2026-08-11.netlify.app/sites/fredo-s-deli/,http://fredosdeli.com/,,Business,,,Current Next 20,2026-08-13,design-review-pending,,Confirm on screenshare
158,Hamburg Animal Hospital,NO,Never design-reviewed,REVIEW,(610) 562-5000,,,Phone / official contact route,Phone / contact form only,https://momentum-prospect-radar-next20-2026-08-11.netlify.app/sites/hamburg-animal-hospital/,https://www.hamburganimalhospital.com/hours.pml,,Business,,,Current Next 20,2026-08-13,design-review-pending,,Confirm on screenshare
159,Harry's Hotdogs,NO,Never design-reviewed,REVIEW,(610) 389-7179,,,Phone / official contact route,Phone / contact form only,https://momentum-prospect-radar-next20-2026-08-11.netlify.app/sites/harry-s-hotdogs/,https://harryshotdogs.com/,,Business,,,Current Next 20,2026-08-13,design-review-pending,,Confirm on screenshare
160,Katana Pittsburgh,NO,Never design-reviewed,REVIEW,(412) 388-1800,,,Phone / official contact route,Phone / contact form only,https://momentum-prospect-radar-next20-2026-08-11.netlify.app/sites/katana/,,,,,"3229 West Liberty Ave, Dormont, PA 15216",Current Next 20,2026-08-13,design-review-pending,,Confirm on screenshare
161,Legacy Jewelers,NO,Never design-reviewed,REVIEW,(610) 261-5102,,,Phone / official contact route,Phone / contact form only,https://momentum-prospect-radar-next20-2026-08-11.netlify.app/sites/legacy-jewelers/,,,,,"Schnecksville, PA",Current Next 20,2026-08-13,design-review-pending,,Confirm on screenshare
162,Nicky's Thai Kitchen Downtown,NO,Never design-reviewed,REVIEW,(412) 471-8424,,,Phone / official contact route,Phone / contact form only,https://momentum-prospect-radar-next20-2026-08-11.netlify.app/sites/nicky-s-thai-kitchen/,,,,,"903 Penn Ave, Pittsburgh, PA 15222",Current Next 20,2026-08-13,design-review-pending,,Confirm on screenshare
163,Nottingham Creamery,NO,Never design-reviewed,REVIEW,(610) 932-0825,,,Phone / official contact route,Phone / contact form only,https://momentum-prospect-radar-next20-2026-08-11.netlify.app/sites/nottingham-creamery/,,,,,,Current Next 20,2026-08-13,design-review-pending,,Confirm on screenshare
164,OpenArc,NO,Never design-reviewed,REVIEW,(724) 602-0286,,,Phone / official contact route,Phone / contact form only,https://momentum-prospect-radar-next20-2026-08-11.netlify.app/sites/openarc/,,,,,,Current Next 20,2026-08-13,design-review-pending,,Confirm on screenshare
165,OSS Health,NO,Never design-reviewed,REVIEW,(717) 633-0031,,,Phone / official contact route,Phone / contact form only,https://momentum-prospect-radar-next20-2026-08-11.netlify.app/sites/oss-health/,,,,,,Current Next 20,2026-08-13,design-review-pending,,Confirm on screenshare
166,Radiance Dental,NO,Never design-reviewed,REVIEW,(610) 436-4088,,,Phone / official contact route,Phone / contact form only,https://momentum-prospect-radar-next20-2026-08-11.netlify.app/sites/radiance-dental/,,,,,,Current Next 20,2026-08-13,design-review-pending,,Confirm on screenshare
167,Reardon Dental Exton,NO,Never design-reviewed,REVIEW,(610) 624-8552,,,Phone / official contact route,Phone / contact form only,https://momentum-prospect-radar-next20-2026-08-11.netlify.app/sites/reardon-dental/,,,,,"45 Dowlin Forge Rd, Exton, PA 19341",Current Next 20,2026-08-13,design-review-pending,,Confirm on screenshare
168,Riley Rodzianko & Clymer LLP,NO,Never design-reviewed,REVIEW,(215) 536-8000,,,Phone / official contact route,Phone / contact form only,https://momentum-prospect-radar-next20-2026-08-11.netlify.app/sites/riley-rodzianko-and-clymer-llp/,http://www.rrccpa.com/,32,accountant,Bucks County,,Current Next 20,2026-08-13,design-review-pending,,Confirm on screenshare
169,Scott Lot,NO,Never design-reviewed,REVIEW,(610) 439-0700,,,Phone / official contact route,Phone / contact form only,https://momentum-prospect-radar-next20-2026-08-11.netlify.app/sites/scott-lot/,,,,,,Current Next 20,2026-08-13,design-review-pending,,Confirm on screenshare
170,Sesame Inn,NO,Never design-reviewed,REVIEW,(412) 341-2555,,,Phone / official contact route,Phone / contact form only,https://momentum-prospect-radar-next20-2026-08-11.netlify.app/sites/sesame-inn/,,,,,,Current Next 20,2026-08-13,design-review-pending,,Confirm on screenshare
171,C&C Super Seal,NO,Never design-reviewed,REVIEW,(267) 223-9906,,,,Phone / contact form only,https://momentum-prospect-radar-next20-2026-08-11.netlify.app/sites/c-and-c-super-seal/,https://www.candcsuperseal.com/,33,paver,Bucks County,,Radar Impeccable Five,2026-08-13,design-review-pending,,Confirm on screenshare
172,Anthony Gueriera Jr. Insurance Agency LLC,NO,Renders black without ?forcegl,REVIEW,(610) 368-4537,,,Phone / official contact route,Phone / contact form only,https://momentum-prospect-radar-next20-2026-08-11.netlify.app/sites/anthony-gueriera-insurance/?forcegl,http://broomallinsuranceagency.com/,0,Business,Delaware County,"83 First Ave, Broomall, PA",Cinematic builds 169-178,2026-08-13,webgl-fallback,,Keep ?forcegl
173,Bàn Bàn Asian Bistro,NO,Renders black without ?forcegl,REVIEW,(215) 277-5653,,,Phone / official contact route,Phone / contact form only,https://momentum-prospect-radar-next20-2026-08-11.netlify.app/sites/ban-ban-asian-bistro/?forcegl,http://banbanasianbistro.net/,0,Business,Montgomery County,"1533 Old York Rd, Abington, PA",Cinematic builds 169-178,2026-08-13,webgl-fallback,,Keep ?forcegl
174,"Big Head Transport, LLC",NO,Renders black without ?forcegl,REVIEW,(215) 494-8007,,,Phone / official contact route,Phone / contact form only,https://momentum-prospect-radar-next20-2026-08-11.netlify.app/sites/big-head-transport/?forcegl,http://bigheadtransportllc.com/,0,Business,Philadelphia,"2219 Shields St, Philadelphia, PA",Cinematic builds 169-178,2026-08-13,webgl-fallback,,Keep ?forcegl
175,Elite Philly Auto Parts,NO,Renders black without ?forcegl,REVIEW,(215) 724-4065,,,Phone / official contact route,Phone / contact form only,https://momentum-prospect-radar-next20-2026-08-11.netlify.app/sites/elite-auto-parts/?forcegl,http://cecarparts.com/,0,Business,Philadelphia,"6796 Essington Ave, Philadelphia, PA 19153",Cinematic builds 169-178,2026-08-13,webgl-fallback,,Keep ?forcegl
176,Germantown Dental Group,NO,Renders black without ?forcegl,REVIEW,(215) 226-2171,,,Phone / official contact route,Phone / contact form only,https://momentum-prospect-radar-next20-2026-08-11.netlify.app/sites/germantown-dental-group/?forcegl,http://germantowndental.us/,0,Business,Philadelphia,"3609 Germantown Ave, Philadelphia, PA 19140",Cinematic builds 169-178,2026-08-13,webgl-fallback,,Keep ?forcegl
177,Golden Eagle Jewelers,NO,Renders black without ?forcegl,REVIEW,(215) 225-1830,,,Phone / official contact route,Phone / contact form only,https://momentum-prospect-radar-next20-2026-08-11.netlify.app/sites/golden-eagle-jewelry/?forcegl,https://goldeneaglejewelry-philadelphia.com/,0,Business,Philadelphia,"Philadelphia, PA",Cinematic builds 166-168,2026-08-13,webgl-fallback,,Keep ?forcegl
178,Kehan's Auto Service,NO,Renders black without ?forcegl,REVIEW,(215) 624-3935,,,Phone / official contact route,Phone / contact form only,https://momentum-prospect-radar-next20-2026-08-11.netlify.app/sites/kehans-auto-service/?forcegl,http://kehansautoservice.com/,0,car-repair,Philadelphia,"9337 Torresdale Ave, Philadelphia, PA 19114",Cinematic builds 169-178,2026-08-13,webgl-fallback,,Keep ?forcegl
179,Lee's Hoagie House of Horsham,NO,Renders black without ?forcegl,REVIEW,(215) 674-8000,,,Phone / official contact route,Phone / contact form only,https://momentum-prospect-radar-next20-2026-08-11.netlify.app/sites/lees-hoagie-house/?forcegl,http://www.leeshoagieshorsham.com/,0,restaurant,Montgomery County,"870 Easton Rd, Horsham, PA 19044",Cinematic builds 169-178,2026-08-13,webgl-fallback,,Keep ?forcegl
180,Morton Electric Pool & Spa,NO,Renders black without ?forcegl,REVIEW,(888) 355-9223,,,Phone / official contact route,Phone / contact form only,https://momentum-prospect-radar-next20-2026-08-11.netlify.app/sites/morton-electric-pool-spa/?forcegl,http://mortonelectric.net/,0,plumber,Bucks County,,Cinematic builds 166-168,2026-08-13,webgl-fallback,,Keep ?forcegl
181,Udis & Conn Orthodontics,NO,Renders black without ?forcegl,REVIEW,(215) 576-5805,,,Phone / official contact route,Phone / contact form only,https://momentum-prospect-radar-next20-2026-08-11.netlify.app/sites/udis-conn-orthodontics/?forcegl,http://www.udisandconnorthodontics.com/,0,dentist,Montgomery County,"403 Washington Ln, Jenkintown, PA 19046",Cinematic builds 169-178,2026-08-13,webgl-fallback,,Keep ?forcegl
182,Art City Vets & Urgent Care,NO,Renders black without ?forcegl,REVIEW,(215) 563-8387,,,Phone / official contact route,Phone / contact form only,https://momentum-prospect-radar-next20-2026-08-11.netlify.app/sites/art-city-vets/?forcegl,https://www.artcityvets.com/,57,Business,Philadelphia,,Telegram 3D Next 10,2026-08-13,webgl-fallback,,Keep ?forcegl
183,Baldwin's Book Barn,NO,Renders black without ?forcegl,REVIEW,(610) 696-0816,,,Phone / official contact route,Phone / contact form only,https://momentum-prospect-radar-next20-2026-08-11.netlify.app/sites/baldwins-book-barn/?forcegl,https://bookbarn.com/contact-us/,,Business,,,Telegram 3D Next 10,2026-08-13,webgl-fallback,,Keep ?forcegl
184,Dentistry for Life,NO,Renders black without ?forcegl,REVIEW,(267) 656-6763,,,Phone / official contact route,Phone / contact form only,https://momentum-prospect-radar-next20-2026-08-11.netlify.app/sites/dentistry-for-life/?forcegl,https://dentistryforlife.net/,62,Business,Philadelphia,,Telegram 3D Next 10,2026-08-13,webgl-fallback,,Keep ?forcegl
185,Frazer Antiques,NO,Renders black without ?forcegl,REVIEW,(610) 651-8299,,,Phone / official contact route,Phone / contact form only,https://momentum-prospect-radar-next20-2026-08-11.netlify.app/sites/frazer-antiques/?forcegl,https://www.frazer-antiques.com/,,Business,,"Frazer, PA",Telegram 3D Next 10,2026-08-13,webgl-fallback,,Keep ?forcegl
186,Main Line Veterinary Hospital,NO,Renders black without ?forcegl,REVIEW,(610) 695-0860,,,Phone / official contact route,Phone / contact form only,https://momentum-prospect-radar-next20-2026-08-11.netlify.app/sites/main-line-veterinary-hospital/?forcegl,,,,,,Telegram 3D Next 10,2026-08-13,webgl-fallback,,Keep ?forcegl
187,Pizza Peddler,NO,Renders black without ?forcegl,REVIEW,(610) 399-8311,,,Phone / official contact route,Phone / contact form only,https://momentum-prospect-radar-next20-2026-08-11.netlify.app/sites/pizza-peddler/?forcegl,,,,,,Telegram 3D Next 10,2026-08-13,webgl-fallback,,Keep ?forcegl
188,UrgentVet Pottstown,NO,Renders black without ?forcegl,REVIEW,(484) 763-4500,,,Phone / official contact route,Phone / contact form only,https://momentum-prospect-radar-next20-2026-08-11.netlify.app/sites/urgentvet-pottstown/?forcegl,https://urgentvet.com/location/pottstown-pa/,61,veterinary,Montgomery County,,Telegram 3D Next 10,2026-08-13,webgl-fallback,,Keep ?forcegl
189,Welcome Dental,NO,Renders black without ?forcegl,REVIEW,(610) 692-7868,,,Phone / official contact route,Phone / contact form only,https://momentum-prospect-radar-next20-2026-08-11.netlify.app/sites/welcome-dental/?forcegl,,,,,,Telegram 3D Next 10,2026-08-13,webgl-fallback,,Keep ?forcegl
190,Whitelands Animal Hospital,NO,Renders black without ?forcegl,REVIEW,(610) 644-6996,,,Phone / official contact route,Phone / contact form only,https://momentum-prospect-radar-next20-2026-08-11.netlify.app/sites/whitelands-animal-hospital/?forcegl,,,,,,Telegram 3D Next 10,2026-08-13,webgl-fallback,,Keep ?forcegl
191,Wholly Grounds Coffeehouse,NO,Renders black without ?forcegl,REVIEW,(610) 806-0573,,,Phone / official contact route,Phone / contact form only,https://momentum-prospect-radar-next20-2026-08-11.netlify.app/sites/wholly-grounds/?forcegl,,,,,,Telegram 3D Next 10,2026-08-13,webgl-fallback,,Keep ?forcegl
192,Agnes Edmunds Bridal & Formals,NO,Placeholder concept — unfinished hero,DO NOT SHOW,(610) 323-6712,,,Phone / official contact route,Phone / contact form only,https://momentum-prospect-radar-next20-2026-08-11.netlify.app/sites/agnes-edmunds-bridal-formals/,https://agnesedmunds.com/,35,Business,Montgomery County,"Pottstown, PA",radar-next15-20260810-050919,2026-08-13,placeholder-concept,,Unfinished hero - do not show
193,Al Tacos Locos,NO,Placeholder concept — unfinished hero,DO NOT SHOW,(215) 883-6446,,,Phone / official contact route,Phone / contact form only,https://momentum-prospect-radar-next20-2026-08-11.netlify.app/sites/al-tacos-locos/,https://altacoslocos.com/,35,Business,Montgomery County,"408 York Rd, Jenkintown, PA",radar-next15-20260810-110919,2026-08-13,placeholder-concept,,Unfinished hero - do not show
194,Apollo Wealth Advisors,NO,Placeholder concept — unfinished hero,DO NOT SHOW,(215) 996-9920,,,Phone / official contact route,Phone / contact form only,https://momentum-prospect-radar-next20-2026-08-11.netlify.app/sites/lpl-financial/,http://www.tartaruscapitalmanagement.com/contact,34,financial,Montgomery County,"110 Jenkins Ave, Colmar, PA 18915",radar-next15-20260809-230919,2026-08-13,placeholder-concept,,Unfinished hero - do not show
195,APR Supply Company,NO,Placeholder concept — unfinished hero,DO NOT SHOW,(484) 318-8104,,,Phone / official contact route,Phone / contact form only,https://momentum-prospect-radar-next20-2026-08-11.netlify.app/sites/apr-supply-company/,https://www.aprsupply.com/Malvern,35,Business,Chester County,"81 Lancaster Ave, Malvern, PA",radar-next15-20260810-050919,2026-08-13,placeholder-concept,,Unfinished hero - do not show
196,Borsello Landscaping,NO,Placeholder concept — unfinished hero,DO NOT SHOW,(302) 472-2600,,,Phone / official contact route,Phone / contact form only,https://momentum-prospect-radar-next20-2026-08-11.netlify.app/sites/borsello-landscaping/,https://www.borsellolandscaping.com/landscape-services-avondale-pa/,35,Business,Chester County,,radar-next15-20260810-050919,2026-08-13,placeholder-concept,,Unfinished hero - do not show
197,Boyle Energy,NO,Placeholder concept — unfinished hero,DO NOT SHOW,(215) 878-1111,,,Phone / official contact route,Phone / contact form only,https://momentum-prospect-radar-next20-2026-08-11.netlify.app/sites/boyle-energy-heating-air-conditioning-oil-propane/,https://boylebrothersenergy.com/,49,Business,Delaware County,,radar-next15-20260809-170919,2026-08-13,placeholder-concept,,Unfinished hero - do not show
198,Brandywine Auto Parts,NO,Placeholder concept — unfinished hero,DO NOT SHOW,(302) 429-0643,,,Phone / official contact route,Phone / contact form only,https://momentum-prospect-radar-next20-2026-08-11.netlify.app/sites/brandywine-auto-parts/,http://www.brandywine-ap.com/,37,Business,Delaware County,,radar-next15-20260810-110919,2026-08-13,placeholder-concept,,Unfinished hero - do not show
199,Captain Car Wash,NO,Placeholder concept — unfinished hero,DO NOT SHOW,(610) 539-9390,,,Phone / official contact route,Phone / contact form only,https://momentum-prospect-radar-next20-2026-08-11.netlify.app/sites/captain-car-wash/,https://captaincarwashpa.com/,33,Business,Montgomery County,,radar-next15-20260809-170919,2026-08-13,placeholder-concept,,Unfinished hero - do not show
200,City Electric Supply West Chester,NO,Placeholder concept — unfinished hero,DO NOT SHOW,(610) 696-1962,,,Phone / official contact route,Phone / contact form only,https://momentum-prospect-radar-next20-2026-08-11.netlify.app/sites/city-electric-supply/,https://www.cityelectricsupply.com/branch/409,35,Business,Chester County,"840 Lincoln Ave, West Chester, PA",radar-next15-20260810-050919,2026-08-13,placeholder-concept,,Unfinished hero - do not show
201,Custom IT Solutions,NO,Placeholder concept — unfinished hero,DO NOT SHOW,(215) 860-7270,,,Phone / official contact route,Phone / contact form only,https://momentum-prospect-radar-next20-2026-08-11.netlify.app/sites/custom-it-solutions/,https://customitsolutions.com/,33,Business,Montgomery County,,radar-next15-20260809-230919,2026-08-13,placeholder-concept,,Unfinished hero - do not show
202,Ember & Ale,NO,Placeholder concept — unfinished hero,DO NOT SHOW,(484) 902-8053,,,Phone / official contact route,Phone / contact form only,https://momentum-prospect-radar-next20-2026-08-11.netlify.app/sites/ember-ale/,https://emberandale.com/,35,Business,Montgomery County,,radar-next15-20260810-110919,2026-08-13,placeholder-concept,,Unfinished hero - do not show
203,EPAM Philadelphia,NO,Placeholder concept — unfinished hero,DO NOT SHOW,(267) 759-9000,,,Phone / official contact route,Phone / contact form only,https://momentum-prospect-radar-next20-2026-08-11.netlify.app/sites/epam/,https://www.epam.com/,35,Business,Philadelphia,"Philadelphia, PA",radar-next15-20260810-050919,2026-08-13,placeholder-concept,,Unfinished hero - do not show
204,Euphoria Nail Bar,NO,Placeholder concept — unfinished hero,DO NOT SHOW,(215) 483-4341,,,Phone / official contact route,Phone / contact form only,https://momentum-prospect-radar-next20-2026-08-11.netlify.app/sites/euphoria-nail-bar/,https://euphorianailbar.com/,33,Business,Philadelphia,,radar-next15-20260809-230919,2026-08-13,placeholder-concept,,Unfinished hero - do not show
205,Ferrari Philadelphia,NO,Placeholder concept — unfinished hero,DO NOT SHOW,(610) 527-1100,,,Phone / official contact route,Phone / contact form only,https://momentum-prospect-radar-next20-2026-08-11.netlify.app/sites/ferrari-philadelphia/,https://ferrariphiladelphia.com/,34,Business,Delaware County,,radar-next15-20260809-230919,2026-08-13,placeholder-concept,,Unfinished hero - do not show
206,"Field 1 Post, LLC",NO,Placeholder concept — unfinished hero,DO NOT SHOW,(610) 789-2882,,,Phone / official contact route,Phone / contact form only,https://momentum-prospect-radar-next20-2026-08-11.netlify.app/sites/field-1-post-llc/,https://www.field1post.com/,25,Business,Delaware County,,radar-next15-20260809-170919,2026-08-13,placeholder-concept,,Unfinished hero - do not show
207,Francis Kaufman House,NO,Placeholder concept — unfinished hero,DO NOT SHOW,(215) 234-2499,,,Phone / official contact route,Phone / contact form only,https://momentum-prospect-radar-next20-2026-08-11.netlify.app/sites/francis-kaufman-house/,http://franciskaufmanhouse.com/,27,Business,Montgomery County,,radar-next15-20260810-110919,2026-08-13,placeholder-concept,,Unfinished hero - do not show
208,Heart & Soul Tattoo,NO,Placeholder concept — unfinished hero,DO NOT SHOW,(215) 679-3775,,,Phone / official contact route,Phone / contact form only,https://momentum-prospect-radar-next20-2026-08-11.netlify.app/sites/heart-soul-tattoo/,https://heartandsoultattoos.com/,33,Business,Montgomery County,"205 Main St, East Greenville, PA 18041",radar-next15-20260809-230919,2026-08-13,placeholder-concept,,Unfinished hero - do not show
209,Highline Motors Aston,NO,Placeholder concept — unfinished hero,DO NOT SHOW,(610) 753-4536,,,Phone / official contact route,Phone / contact form only,https://momentum-prospect-radar-next20-2026-08-11.netlify.app/sites/highline-motors/,https://www.highlineaston.com/,22,Business,Delaware County,"Aston, PA",radar-next15-20260809-170919,2026-08-13,placeholder-concept,,Unfinished hero - do not show
210,Holiday Hair Quakertown,NO,Placeholder concept — unfinished hero,DO NOT SHOW,(215) 536-9902,,,Phone / official contact route,Phone / contact form only,https://momentum-prospect-radar-next20-2026-08-11.netlify.app/sites/holiday-hair/,https://www.holidayhair.com/locations/nearme/haircut/PA/QUAKERTOWN/1465-21-W-BROAD-ST/19300,37,Business,Bucks County,"1465 W Broad St, Quakertown, PA",radar-next15-20260810-110919,2026-08-13,placeholder-concept,,Unfinished hero - do not show
211,IVC Wealth Advisors,NO,Placeholder concept — unfinished hero,DO NOT SHOW,(215) 392-6631,,,Phone / official contact route,Phone / contact form only,https://momentum-prospect-radar-next20-2026-08-11.netlify.app/sites/ivc-wealth-advisors/,https://www.ivcwealth.com/,35,Business,Bucks County,,radar-next15-20260810-050919,2026-08-13,placeholder-concept,,Unfinished hero - do not show
212,"J-Pro Pools, Inc.",NO,Placeholder concept — unfinished hero,DO NOT SHOW,(610) 277-7665,,,Phone / official contact route,Phone / contact form only,https://momentum-prospect-radar-next20-2026-08-11.netlify.app/sites/j-pro-inc/,https://www.j-propools.com/,35,Business,Montgomery County,"57 E 4th St, Bridgeport, PA 19405",radar-next15-20260810-050919,2026-08-13,placeholder-concept,,Unfinished hero - do not show
213,Johnny Destructo's Hero Complex,NO,Placeholder concept — unfinished hero,DO NOT SHOW,(215) 482-7700,,,Phone / official contact route,Phone / contact form only,https://momentum-prospect-radar-next20-2026-08-11.netlify.app/sites/hero-complex/,https://www.jdsherocomplex.com/,30,Business,Philadelphia,,radar-next15-20260809-170919,2026-08-13,placeholder-concept,,Unfinished hero - do not show
214,Johnny's Pizza,NO,Placeholder concept — unfinished hero,DO NOT SHOW,(610) 287-4771,,,Phone / official contact route,Phone / contact form only,https://momentum-prospect-radar-next20-2026-08-11.netlify.app/sites/johnny-s-pizza/,http://johnnysitaliano.com/,36,Business,Montgomery County,,radar-next15-20260809-230919,2026-08-13,placeholder-concept,113,Unfinished hero - do not show
215,Just Tires Media,NO,Placeholder concept — unfinished hero,DO NOT SHOW,(610) 892-9214,,,Phone / official contact route,Phone / contact form only,https://momentum-prospect-radar-next20-2026-08-11.netlify.app/sites/just-tires/,https://www.justtires.com/en_US/location/Media-PA-19063-US-000901223,32,car-repair,Delaware County,"Media, PA",radar-next15-20260809-230919,2026-08-13,placeholder-concept,,Unfinished hero - do not show
216,Kinetic Physical Therapy,NO,Placeholder concept — unfinished hero,DO NOT SHOW,(610) 424-1100,,,Phone / official contact route,Phone / contact form only,https://momentum-prospect-radar-next20-2026-08-11.netlify.app/sites/kinetic-physical-therapy/,https://www.kineticptpa.com/kinetic-physical-therapy-collegeville,25,physiotherapist,Montgomery County,,radar-next15-20260809-170919,2026-08-13,placeholder-concept,,Unfinished hero - do not show
217,Manatawny Still Works,NO,Placeholder concept — unfinished hero,DO NOT SHOW,(484) 624-8271,,,Phone / official contact route,Phone / contact form only,https://momentum-prospect-radar-next20-2026-08-11.netlify.app/sites/manatawny-still-works/,https://www.manatawnystillworks.com/,32,distillery,Montgomery County,"320 Circle of Progress Dr, Stowe, PA",radar-next15-20260809-230919,2026-08-13,placeholder-concept,,Unfinished hero - do not show
218,Ming's Chinese Restaurant,NO,Placeholder concept — unfinished hero,DO NOT SHOW,(215) 674-8804,,,Phone / official contact route,Phone / contact form only,https://momentum-prospect-radar-next20-2026-08-11.netlify.app/sites/ming-s-chinese/,https://mings-restaurant.com/,35,restaurant,Montgomery County,"Hatboro, PA",radar-next15-20260810-110919,2026-08-13,placeholder-concept,,Unfinished hero - do not show
219,Narberth Pizza and Steaks,NO,Placeholder concept — unfinished hero,DO NOT SHOW,(610) 668-2230,,,Phone / official contact route,Phone / contact form only,https://momentum-prospect-radar-next20-2026-08-11.netlify.app/sites/narberth-pizza/,https://www.narberthpizza.com/,34,restaurant,Montgomery County,"Narberth, PA",radar-next15-20260810-050919,2026-08-13,placeholder-concept,,Unfinished hero - do not show
220,NovaCare Rehabilitation Conshohocken,NO,Placeholder concept — unfinished hero,DO NOT SHOW,(610) 832-5335,,,Phone / official contact route,Phone / contact form only,https://momentum-prospect-radar-next20-2026-08-11.netlify.app/sites/novacare/,https://www.novacare.com/contact/find-a-location/pa/conshohocken/conshohocken/?ty=xt,35,clinic,Montgomery County,"Conshohocken, PA",radar-next15-20260810-050919,2026-08-13,placeholder-concept,,Unfinished hero - do not show
221,"O'Donnell, Weiss & Mattei, P.C.",NO,Placeholder concept — unfinished hero,DO NOT SHOW,(610) 323-2800,,,Phone / official contact route,Phone / contact form only,https://momentum-prospect-radar-next20-2026-08-11.netlify.app/sites/o-donnell-weiss-mattei-p-c/,https://www.owmlaw.com/,34,lawyer,Montgomery County,"1503 Sunset Dr, Suite 201, Pottstown, PA 19464",radar-next15-20260810-050919,2026-08-13,placeholder-concept,,Unfinished hero - do not show
222,Ooka Hibachi and Sushi,NO,Placeholder concept — unfinished hero,DO NOT SHOW,(215) 659-7688,,,Phone / official contact route,Phone / contact form only,https://momentum-prospect-radar-next20-2026-08-11.netlify.app/sites/ooka-hibachi-and-sushi/,http://ookasushi.com/phone/willow-grove.html,40,restaurant,Montgomery County,,radar-next15-20260810-110919,2026-08-13,placeholder-concept,,Unfinished hero - do not show
223,Orthodontic Associates of Collegeville,NO,Placeholder concept — unfinished hero,DO NOT SHOW,(610) 409-9880,,,Phone / official contact route,Phone / contact form only,https://momentum-prospect-radar-next20-2026-08-11.netlify.app/sites/dr-weiss-s-office/,https://www.orthodontists.com/,49,Business,Montgomery County,"555 Second Ave, Suite E-202, Collegeville, PA 19426",radar-next15-20260809-170919,2026-08-13,placeholder-concept,,Unfinished hero - do not show
224,Philadelphia Auto Accident Injury Attorney,NO,Placeholder concept — unfinished hero,DO NOT SHOW,(786) 471-7844,,,Phone / official contact route,Phone / contact form only,https://momentum-prospect-radar-next20-2026-08-11.netlify.app/sites/philadelphia-auto-accident-injury-attorney/,https://carcrashinjuryfirm.com/philadelphia-auto-accident-injury-attorney/,33,lawyer,Philadelphia,"Philadelphia, PA",radar-next15-20260809-230919,2026-08-13,placeholder-concept,,Unfinished hero - do not show
225,Rally House Collegeville,NO,Placeholder concept — unfinished hero,DO NOT SHOW,(484) 460-1445,,,Phone / official contact route,Phone / contact form only,https://momentum-prospect-radar-next20-2026-08-11.netlify.app/sites/rally-house-collegeville/,https://www.rallyhouse.com/rally-house-collegeville,35,sports,Montgomery County,"60 Town Center Dr, Suite 2, Collegeville, PA 19426",radar-next15-20260810-050919,2026-08-13,placeholder-concept,,Unfinished hero - do not show
226,Red Hill Greenhouses & Florist,NO,Placeholder concept — unfinished hero,DO NOT SHOW,(215) 679-7847,,,Phone / official contact route,Phone / contact form only,https://momentum-prospect-radar-next20-2026-08-11.netlify.app/sites/red-hill-greenhouses-florist/,https://www.redhillgreenhouse.com/,35,florist,Montgomery County,"Red Hill, PA",radar-next15-20260810-050919,2026-08-13,placeholder-concept,,Unfinished hero - do not show
227,Rocco's Brick Oven Pizzeria,NO,Placeholder concept — unfinished hero,DO NOT SHOW,(610) 831-0100,,,Phone / official contact route,Phone / contact form only,https://momentum-prospect-radar-next20-2026-08-11.netlify.app/sites/rocco-s-brick-oven-pizzeria/,https://www.roccosbrickoven.net/,44,restaurant,Montgomery County,,radar-next15-20260810-110919,2026-08-13,placeholder-concept,,Unfinished hero - do not show
228,Seiler & Drury,NO,Placeholder concept — unfinished hero,DO NOT SHOW,(610) 272-4148,,,Phone / official contact route,Phone / contact form only,https://momentum-prospect-radar-next20-2026-08-11.netlify.app/sites/seiler-drury/,https://sdarc.com/,35,architect,Montgomery County,,radar-next15-20260810-110919,2026-08-13,placeholder-concept,,Unfinished hero - do not show
229,Snyder Online Marketing,NO,Placeholder concept — unfinished hero,DO NOT SHOW,(267) 688-6493,,,Phone / official contact route,Phone / contact form only,https://momentum-prospect-radar-next20-2026-08-11.netlify.app/sites/snyder-online-marketing/,https://www.snyderonlinemarketing.com/,32,advertising-agency,Philadelphia,"107 N Broad St, Doylestown, PA 18901",radar-next15-20260809-230919,2026-08-13,placeholder-concept,,Unfinished hero - do not show
230,The Edge Fitness Clubs Media,NO,Placeholder concept — unfinished hero,DO NOT SHOW,(484) 443-4154,,,Phone / official contact route,Phone / contact form only,https://momentum-prospect-radar-next20-2026-08-11.netlify.app/sites/the-edge-fitness-clubs/,https://www.theedgefitnessclubs.com/locations/pennsylvania-media,35,fitness-centre,Delaware County,"Media, PA",radar-next15-20260809-170919,2026-08-13,placeholder-concept,,Unfinished hero - do not show
231,The Restaurant Store Plymouth Meeting,NO,Placeholder concept — unfinished hero,DO NOT SHOW,(610) 272-1653,,,Phone / official contact route,Phone / contact form only,https://momentum-prospect-radar-next20-2026-08-11.netlify.app/sites/the-restaurant-store/,https://www.therestaurantstore.com/stores/Plymouth-Meeting,35,kitchen,Montgomery County,"2811 DeKalb Pike, Norristown, PA 19401",radar-next15-20260810-110919,2026-08-13,placeholder-concept,,Unfinished hero - do not show
232,Theory Outlet at Philadelphia Premium Outlets,NO,Placeholder concept — unfinished hero,DO NOT SHOW,(610) 326-5040,,,Phone / official contact route,Phone / contact form only,https://momentum-prospect-radar-next20-2026-08-11.netlify.app/sites/theory/,https://www.theory.com/storedetail/?StoreID=280075,23,clothes,Montgomery County,"18 W Lightcap Rd, Pottstown, PA 19464",radar-next15-20260809-170919,2026-08-13,placeholder-concept,,Unfinished hero - do not show
233,THR Insurance Agency,NO,Placeholder concept — unfinished hero,DO NOT SHOW,(610) 426-0007,,,Phone / official contact route,Phone / contact form only,https://momentum-prospect-radar-next20-2026-08-11.netlify.app/sites/thr-insurance-agency/,http://www.thrinsurance.com/,43,insurance,Montgomery County,,radar-next15-20260809-230919,2026-08-13,placeholder-concept,124,Unfinished hero - do not show
234,TM Prestige Home Cash Buyer,NO,Placeholder concept — unfinished hero,DO NOT SHOW,(267) 332-4669,,,Phone / official contact route,Phone / contact form only,https://momentum-prospect-radar-next20-2026-08-11.netlify.app/sites/tm-prestige-home-cash-buyer/,https://tmprestige.com/,33,estate-agent,Philadelphia,,radar-next15-20260809-230919,2026-08-13,placeholder-concept,,Unfinished hero - do not show
235,Towne Book Center & Wine Bar,NO,Placeholder concept — unfinished hero,DO NOT SHOW,(610) 454-0640,,,Phone / official contact route,Phone / contact form only,https://momentum-prospect-radar-next20-2026-08-11.netlify.app/sites/towne-book-center-wine-bar/,https://www.townebc.com/,36,books,Montgomery County,,radar-next15-20260810-110919,2026-08-13,placeholder-concept,,Unfinished hero - do not show
236,Trend Auto Trader,NO,Placeholder concept — unfinished hero,DO NOT SHOW,(267) 227-1863,,,Phone / official contact route,Phone / contact form only,https://momentum-prospect-radar-next20-2026-08-11.netlify.app/sites/trend-auto-trader/,https://www.trendautotrader.com/,32,car-repair,Bucks County,"Quakertown, PA",radar-next15-20260810-050919,2026-08-13,placeholder-concept,,Unfinished hero - do not show
237,UNO Pizzeria & Grill Oaks,NO,Placeholder concept — unfinished hero,DO NOT SHOW,(610) 539-8300,,,Phone / official contact route,Phone / contact form only,https://momentum-prospect-radar-next20-2026-08-11.netlify.app/sites/uno-chicago-style-pizza/,https://restaurants.unos.com/locations/Oaks/PA/3511,45,restaurant,Montgomery County,"Oaks, PA",radar-next15-20260810-110919,2026-08-13,placeholder-concept,,Unfinished hero - do not show
238,Zuber Realty,NO,Placeholder concept — unfinished hero,DO NOT SHOW,(610) 369-0303,,,Phone / official contact route,Phone / contact form only,https://momentum-prospect-radar-next20-2026-08-11.netlify.app/sites/zuber-realty/,https://www.zuberrealty.com/agents-offices/red-hill-office,34,estate-agent,Montgomery County,,radar-next15-20260810-050919,2026-08-13,placeholder-concept,,Unfinished hero - do not show
