"# INVALID BASELINE, property verified mid 2026, winA is missing data not absence"
query,winB_clicks,winB_impr,winB_pos
align hcm,190,319,1.5
align hcm careers,38,47,1
alignhcm,32,51,1.0
align human capital management,5,15,8.5
align academy,2,67,4.1
accenture dayforce implementation partner,1,55,5.7
align hcm company,1,25,1.2
align workforce solutions,1,15,29.7
alignhcm.com,1,4,1
awp payroll,1,45,7.4
build for me,1,1,2
data conversion migration,1,54,11.3
erp is netsuite,1,1,4
hris implementation plan,1,52,32.4
hrms implementation checklist,1,25,31.6
implementation partner,1,1,2
paychex vs paylocity,1,204,4.5
ukg,1,40,5.1
workday implementation support,1,93,24.5
