page,clicks,impressions,ctr_pct,avg_position
https://www.alignhcm.com/,212,6375,3.33,27.7
https://www.alignhcm.com/careers,111,2580,4.3,11.0
https://www.alignhcm.com/partners/ukg,18,7309,0.25,21.7
https://www.alignhcm.com/blog/integrating-workday-with-ukg-why-teams-struggle-and-how-align-hcm-helps,17,1548,1.1,9.2
https://www.alignhcm.com/blog/hris-hcm-implementation-checklist,15,3337,0.45,19.7
https://www.alignhcm.com/about,14,2076,0.67,10.8
https://www.alignhcm.com/blog/hris-data-migration-checklist-15-steps,13,3759,0.35,12.3
https://www.alignhcm.com/blog/data-conversion-checklist-what-to-prepare-before-migration,12,3291,0.36,28.0
https://www.alignhcm.com/blog/the-strategic-buyers-guide-to-ukg,12,9254,0.13,9.3
https://www.alignhcm.com/blog/best-practices-for-implementing-hibob-a-strategic-guide-to-success,9,1313,0.69,11.7
https://www.alignhcm.com/contact,8,1379,0.58,9.1
https://www.alignhcm.com/dayforce-implementation,8,2987,0.27,10.0
https://www.alignhcm.com/services/training,8,1315,0.61,28.8
https://www.alignhcm.com/blog/how-leading-organizations-unlock-dayforces-full-potential-the-implementation-approach-that-delivers,6,1151,0.52,11.0
https://www.alignhcm.com/blog/paylocity-training-implementation-methods,6,2760,0.22,12.4
https://www.alignhcm.com/blog/the-hidden-roi-in-paylocitys-time-attendance-its-not-just-about-tracking-hours,6,1653,0.36,9.7
https://www.alignhcm.com/align-hcm-smartcare,5,479,1.04,6.0
https://www.alignhcm.com/blog/best-practices-for-implementing-workday-a-strategic-guide-to-success,5,5615,0.09,25.2
https://www.alignhcm.com/blog/when-speed-meets-strategy-ukg-rapid-hire-and-the-intelligence-behind-high-volume-hiring,5,1609,0.31,8.6
https://www.alignhcm.com/case-studies/kimberly-clark-cleans-up-complex-rules-with-ukg-and-align-hcm,5,218,2.29,8
https://www.alignhcm.com/blog/the-configuration-decisions-that-determine-whether-dayforce-feels-intuitive-or-overwhelming,4,792,0.51,9.9
https://www.alignhcm.com/blog/the-ukg-ecosystem-advantage-why-open-apis-and-partner-networks-matter-for-long-term-success,4,2104,0.19,10.0
https://www.alignhcm.com/partners/adp,4,388,1.03,15.7
https://www.alignhcm.com/partners/workday,4,366,1.09,12.9
https://www.alignhcm.com/blog/hcm-vendor-selection-checklist,3,1123,0.27,12.9
https://www.alignhcm.com/partners/dayforce,3,1019,0.29,15.9
https://www.alignhcm.com/services/fractional-assistance,3,287,1.05,23.9
https://www.alignhcm.com/blog/5-critical-mistakes-to-avoid-during-hcm-implementation,2,2035,0.1,10.9
https://www.alignhcm.com/blog/6-things-before-payroll-implementation,2,163,1.23,8.8
https://www.alignhcm.com/blog/common-challenges-with-hcm-implementations,2,869,0.23,12.3
https://www.alignhcm.com/blog/the-data-imperative-why-pre-conversion-data-cleaning-determines-hcm-success,2,69,2.9,10.8
https://www.alignhcm.com/blog/the-strategic-buyers-guide-to-paylocity,2,3003,0.07,10.9
https://www.alignhcm.com/blog/why-your-workday-reporting-strategy-is-backwards-and-how-to-fix-it,2,372,0.54,9.8
https://www.alignhcm.com/case-studies/awp-successfully-migrates-from-utm-to-ukg-dimensions-with-align-hcm,2,358,0.56,7.1
https://www.alignhcm.com/industry-solutions,2,209,0.96,16.5
https://www.alignhcm.com/partners/brokers,2,365,0.55,5.5
https://www.alignhcm.com/partners/brokers/why-align,2,36,5.56,8.2
https://www.alignhcm.com/partners/paylocity,2,1395,0.14,25.3
https://www.alignhcm.com/services,2,767,0.26,7.4
https://www.alignhcm.com/services/data-conversion,2,249,0.8,13.9
https://www.alignhcm.com/services/optimization,2,200,1.0,12.5
https://www.alignhcm.com/blog/adp-implementation-specialists,1,869,0.12,14.0
https://www.alignhcm.com/blog/chros-buyers-guide-to-hibob,1,1831,0.05,9.4
https://www.alignhcm.com/blog/fractional-vs.-full-time-making-the-right-staffing-decision,1,664,0.15,16.0
https://www.alignhcm.com/blog/hibob-customers-cut-hr-support-requests-by-80-heres-what-changed,1,479,0.21,8.4
https://www.alignhcm.com/blog/paylocity-vs-paychex-best-platform,1,3837,0.03,9.5
https://www.alignhcm.com/blog/signs-your-hcm-system-needs-optimization,1,231,0.43,16.8
https://www.alignhcm.com/blog/the-case-for-internal-talent-mobility,1,616,0.16,38.2
https://www.alignhcm.com/blog/the-most-common-challenges-with-hcm-implementations,1,160,0.62,11.6
https://www.alignhcm.com/blog/the-strategic-buyers-guide-to-workday,1,1182,0.08,12.6
https://www.alignhcm.com/case-studies/alsco-modernizes-workforce-management-with-align-hcm-and-ukg-dimensions?hsLang=en,1,128,0.78,6.5
https://www.alignhcm.com/case-studies/gtaa-optimizes-workforce-management-with-align-hcm-and-ukg-pro-suite,1,132,0.76,8.1
https://www.alignhcm.com/case-studies/redberry-serves-up-an-improved-wfm-solution-with-ukg-and-align-hcm,1,22,4.55,6
https://www.alignhcm.com/case-studies/vibra-healthcare-payroll-process-transformation?hsLang=en,1,173,0.58,4.9
https://www.alignhcm.com/industry-solutions/public-sector,1,78,1.28,17.2
https://www.alignhcm.com/industry-solutions/services-distribution,1,129,0.78,12.4
https://www.alignhcm.com/partners/brokers/faq,1,90,1.11,14.8
https://www.alignhcm.com/services/client-side-services,1,133,0.75,4.6
https://www.alignhcm.com/services/implementation,1,489,0.2,18.1
https://www.alignhcm.com/about?hsLang=en,0,4,0,4
https://www.alignhcm.com/accellee-annoucement-womens-leadership/,0,184,0,18.4
https://www.alignhcm.com/accessibility-policy-and-statement,0,46,0,9.6
https://www.alignhcm.com/align-hcm-smartcare?hsLang=en,0,148,0,2.5
https://www.alignhcm.com/blog/5-ways-hcm-technology-connects-workforce-data-to-sales-performance,0,117,0,18.4
https://www.alignhcm.com/blog/6-things-before-payroll-implementation?hs_amp=true,0,32,0,10.5
https://www.alignhcm.com/blog/90-day-playbook-for-hcm-integration-post-acquisition,0,290,0,15.9
https://www.alignhcm.com/blog/ai-integration-with-hcm-systems,0,81,0,15.2
https://www.alignhcm.com/blog/align-hcm-strategic-buyers-guide-to-ukg,0,1,0,4
https://www.alignhcm.com/blog/api-vs.-flat-file-integrations-choosing-your-hcm-ecosystem,0,293,0,13.2
https://www.alignhcm.com/blog/author/align-hcm,0,7,0,8.7
https://www.alignhcm.com/blog/author/align-hcm/page/2,0,2,0,6
https://www.alignhcm.com/blog/author/align-hcm/page/7,0,9,0,6.2
https://www.alignhcm.com/blog/author/maher-el-abdallah,0,26,0,5.0
https://www.alignhcm.com/blog/beyond-hiring-the-case-for-internal-talent-mobility-as-a-growth-strategy,0,506,0,26.3
https://www.alignhcm.com/blog/beyond-the-basics-advanced-hcm-training-strategies-that-drive-roi,0,19,0,32.8
https://www.alignhcm.com/blog/beyond-timekeeping-three-dimensions-of-manufacturing-workforce-intelligence,0,32,0,11.4
https://www.alignhcm.com/blog/contingent-workforce-management-close-the-blind-spot,0,466,0,20.0
https://www.alignhcm.com/blog/dayforce-guide-for-strategic-buyers,0,215,0,11.3
https://www.alignhcm.com/blog/dayforce-optimization-after-go-live,0,386,0,9.5
https://www.alignhcm.com/blog/dayforce-the-ai-features-your-organization-probably-isnt-using-yet-and-why-thats-actually-okay,0,367,0,8.2
https://www.alignhcm.com/blog/employee-communication-strategies-for-ma-hcm-transitions,0,331,0,26.3
https://www.alignhcm.com/blog/fractional-support-during-employee-transitions-maintaining-continuity-without-the-cost-of-full-time-headcount?hsLang=en,0,2,0,6
https://www.alignhcm.com/blog/hcm-vendor-selection-checklist?hsLang=en,0,25,0,9.8
https://www.alignhcm.com/blog/hcm-vendor-selection-checklist?hs_amp=true,0,14,0,7.8
https://www.alignhcm.com/blog/high-performance-culture,0,26,0,13.7
https://www.alignhcm.com/blog/high-performance-culture?hs_amp=true,0,14,0,11.1
https://www.alignhcm.com/blog/hiring-freeze-workforce-planning-analytics-can-help,0,373,0,10.2
https://www.alignhcm.com/blog/hr-as-a-financial-driver-turning-people-data-into-c-suite-business-intelligence,0,246,0,22.1
https://www.alignhcm.com/blog/hris-data-migration-checklist-15-steps?hs_amp=true,0,23,0,18.4
https://www.alignhcm.com/blog/hris-hcm-implementation-checklist?hsLang=en,0,3,0,37.7
https://www.alignhcm.com/blog/hris-hcm-implementation-checklist?hs_amp=true,0,4,0,11.5
https://www.alignhcm.com/blog/human-capital-management-strategies-for-hcm-support,0,44,0,27.5
https://www.alignhcm.com/blog/most-chros-are-buying-ai-tools-theyll-never-use,0,2,0,4.5
https://www.alignhcm.com/blog/most-hcm-platforms-add-ai-features,0,105,0,21.6
https://www.alignhcm.com/blog/most-hcm-platforms-add-ai-features.-dayforce-built-its-platform-around-ai,0,1287,0,10.8
https://www.alignhcm.com/blog/most-hcm-platforms-add-ai-features?hs_amp=true,0,1,0,2
https://www.alignhcm.com/blog/page/2,0,14,0,12.4
https://www.alignhcm.com/blog/page/6,0,1,0,3
https://www.alignhcm.com/blog/page/7,0,2,0,4.5
https://www.alignhcm.com/blog/page/8,0,2,0,81
https://www.alignhcm.com/blog/paylocity-vs-paycheck-best-platform,0,383,0,9.7
https://www.alignhcm.com/blog/post-go-live-hcm-support-roi?hsLang=en,0,5,0,13
https://www.alignhcm.com/blog/post-go-live-hcm-support-roi?hs_amp=true,0,6,0,17
https://www.alignhcm.com/blog/post-go-live-reality-check-why-hibob-adoption-succeeds-where-intuitive-systems-fail,0,14,0,6.9
https://www.alignhcm.com/blog/post-implementation-review-5-things-to-look-for,0,24,0,8.2
https://www.alignhcm.com/blog/post-implementation-review-5-things-to-look-for?hs_amp=true,0,15,0,21.9
https://www.alignhcm.com/blog/quarterly-system-health-checks-an-optimization-framework,0,141,0,11.3
https://www.alignhcm.com/blog/rethinking-strategic-workforce-planning,0,159,0,8.2
https://www.alignhcm.com/blog/summer-pto-planning-hcm-data-workforce-coverage-gaps,0,171,0,11.1
https://www.alignhcm.com/blog/tag/adp,0,7,0,9
https://www.alignhcm.com/blog/tag/best-practices,0,3,0,9.7
https://www.alignhcm.com/blog/tag/best-practices/page/2,0,1,0,7
https://www.alignhcm.com/blog/tag/best-practices/page/3,0,3,0,4.7
https://www.alignhcm.com/blog/tag/change-management,0,5,0,7.6
https://www.alignhcm.com/blog/tag/compliance,0,4,0,16.5
https://www.alignhcm.com/blog/tag/data-conversion,0,3,0,2
https://www.alignhcm.com/blog/tag/dayforce,0,1,0,50
https://www.alignhcm.com/blog/tag/employee-engagement,0,6,0,37
https://www.alignhcm.com/blog/tag/employee-experience,0,1,0,7
https://www.alignhcm.com/blog/tag/fractional-assistance,0,4,0,4.2
https://www.alignhcm.com/blog/tag/hcm-implementation,0,18,0,20.9
https://www.alignhcm.com/blog/tag/hcm-implementation/page/3,0,2,0,5
https://www.alignhcm.com/blog/tag/implementation,0,1,0,2
https://www.alignhcm.com/blog/tag/lessons-learned,0,1,0,16
https://www.alignhcm.com/blog/tag/ma,0,1,0,2
https://www.alignhcm.com/blog/tag/manufacturing,0,1,0,4
https://www.alignhcm.com/blog/tag/optimization,0,3,0,48
https://www.alignhcm.com/blog/tag/payroll-implementation,0,100,0,6.1
https://www.alignhcm.com/blog/tag/recruiting,0,9,0,29
https://www.alignhcm.com/blog/tag/retail,0,16,0,53.9
https://www.alignhcm.com/blog/tag/system-integration,0,10,0,46
https://www.alignhcm.com/blog/tag/talent-management,0,8,0,41.8
https://www.alignhcm.com/blog/tag/time-attendance,0,1,0,26
https://www.alignhcm.com/blog/tag/training,0,10,0,28.6
https://www.alignhcm.com/blog/the-case-for-internal-talent-mobility?hsLang=en,0,45,0,64.0
https://www.alignhcm.com/blog/the-case-for-internal-talent-mobility?hs_amp=true,0,5,0,36.2
https://www.alignhcm.com/blog/the-client-side-advantage-why-internal-project-leadership-determines-hcm-implementation-success,0,133,0,7.7
https://www.alignhcm.com/blog/the-hidden-price-tag-why-diy-hcm-implementation-costs-more-than-you-think?hsLang=en,0,164,0,4.4
https://www.alignhcm.com/blog/the-hidden-price-tag-why-diy-hcm-implementation-costs-more-than-you-think?hs_amp=true,0,17,0,5.5
https://www.alignhcm.com/blog/the-integration-blind-spot-how-planning-gaps-create-post-launch-failures,0,81,0,11.9
https://www.alignhcm.com/blog/the-process-alignment-imperative-why-customization-alone-wont-deliver-hcm-value,0,40,0,8.7
https://www.alignhcm.com/blog/the-retention-equation-how-retail-turnover-costs-more-than-your-pl-reveals,0,10,0,5.5
https://www.alignhcm.com/blog/the-role-based-training-approach-why-one-size-fits-all-never-works,0,812,0,22.6
https://www.alignhcm.com/blog/the-ultimate-year-end-payroll-checklist-is-here-stop-guessing-and-secure-a-flawless-tax-season,0,42,0,28.1
https://www.alignhcm.com/blog/the-ultimate-year-end-payroll-checklist-is-here-stop-guessing-and-secure-a-flawless-tax-season-clone,0,72,0,34.0
https://www.alignhcm.com/blog/the-ultimate-year-end-payroll-checklist-is-here-stop-guessing-and-secure-a-flawless-tax-season?hs_amp=true,0,7,0,56
https://www.alignhcm.com/blog/the-workday-ai-gap-most-organizations-dont-know-they-have,0,420,0,15.5
https://www.alignhcm.com/blog/ukgs-approach-to-ai-why-human-centered-automation-matters-more-than-you-think,0,920,0,8.9
https://www.alignhcm.com/blog/why-fast-growing-companies-choose-6-week-implementations-over-18-month-enterprise-projects,0,2,0,2.5
https://www.alignhcm.com/blog/why-fast-growing-companies-choose-6-week-implementations-over-18-month-enterprise-projects?hs_amp=true,0,4,0,4.5
https://www.alignhcm.com/blog/workforce-visibility-gap,0,350,0,16.8
https://www.alignhcm.com/blog?hsLang=en,0,4,0,4
https://www.alignhcm.com/case-studies,0,174,0,9.9
https://www.alignhcm.com/case-studies/automating-complex-labor-compliance-for-driscolls-mexico-division?hsLang=en,0,6,0,6.7
https://www.alignhcm.com/case-studies/beumer-partners-with-align-to-overcome-legacy-data-challenges,0,25,0,5.4
https://www.alignhcm.com/case-studies/invision-integrates-enterprise-applications-for-better-outcomes,0,6,0,12.7
https://www.alignhcm.com/case-studies/resorts-world-las-vegas-bets-on-ukg-talent-management,0,3,0,6.3
https://www.alignhcm.com/case-studies/seamless-hcm-overhaul-for-north-american-division,0,19,0,4.7
https://www.alignhcm.com/disclaimers-policies/,0,45,0,7.7
https://www.alignhcm.com/great-place-to-work-2022/,0,216,0,15.6
https://www.alignhcm.com/industry-solutions/healthcare,0,177,0,29.4
https://www.alignhcm.com/industry-solutions/healthcare?hsLang=en,0,87,0,36.6
https://www.alignhcm.com/industry-solutions/manufacturing,0,118,0,13.3
https://www.alignhcm.com/industry-solutions/public-sector/federal-government,0,37,0,15.3
https://www.alignhcm.com/industry-solutions/public-sector/fire-ems,0,11,0,11.5
https://www.alignhcm.com/industry-solutions/public-sector/higher-education/?hsLang=en,0,42,0,10.8
https://www.alignhcm.com/industry-solutions/public-sector/k12-education,0,109,0,9.8
https://www.alignhcm.com/industry-solutions/public-sector/police-corrections,0,6,0,7.2
https://www.alignhcm.com/industry-solutions/public-sector/special-districts,0,10,0,11.4
https://www.alignhcm.com/industry-solutions/public-sector/state-local-government,0,39,0,21.9
https://www.alignhcm.com/industry-solutions/public-sector/utilities,0,15,0,17.4
https://www.alignhcm.com/industry-solutions/retail-hospitality,0,170,0,13.0
https://www.alignhcm.com/industry-solutions/retail-hospitality?hsLang=en,0,19,0,15.9
https://www.alignhcm.com/industry-solutions/services-distribution?hsLang=en,0,23,0,8.2
https://www.alignhcm.com/industry-solutions?hsLang=en,0,148,0,2.5
https://www.alignhcm.com/partners/brokers/how-it-works,0,86,0,8.9
https://www.alignhcm.com/partners/brokers/resources,0,22,0,26.4
https://www.alignhcm.com/partners/brokers/smartcare,0,10,0,7.1
https://www.alignhcm.com/partners/brokers?hsLang=en,0,147,0,2.5
https://www.alignhcm.com/partners/hibob,0,282,0,31.1
https://www.alignhcm.com/partners/referred,0,15,0,19.3
https://www.alignhcm.com/partners/ukg?hsLang=en,0,5,0,3.4
https://www.alignhcm.com/services/assessments-strategic-engagements,0,68,0,9.9
https://www.alignhcm.com/services/integration,0,4001,0,31.8
https://www.alignhcm.com/services/ma-assistance-services,0,256,0,10.7
https://www.alignhcm.com/services/support,0,677,0,13.3
https://www.alignhcm.com/services?hsLang=en,0,148,0,2.5
https://www.alignhcm.com/success-stories,0,38,0,6.7
