Prospect ID,Business Name,Contact Name,Email,Franchise Brand,Category,City,State,Phone,Website,Registration Link,Role Type,Email Type,Source,Source URL,Accessed,Wave,Send Batch,Outreach Status,Email Sent Date
FRAN-SEND-0114,Mosquito Squad Bangor Auburn,,jjbs09@gmail.com,Mosquito Squad,Pest control (home services),Bangor Auburn,,(207) 387-7093,https://www.mosquitosquad.com/bangor-auburn/contact-us/,https://momentum-workshop-pilot.netlify.app/?utm_source=franchise_pilot&utm_medium=permissioned_outreach&utm_campaign=franchise_workshop_2026_08&utm_content=FRAN-SEND-0114#register,owner_operator,named_mailbox,mosquitosquad_contact_us,https://www.mosquitosquad.com/bangor-auburn/contact-us/,2026-08-14,2,SEND_READY,Not sent,
FRAN-SEND-0115,Mosquito Squad Bergen Passaic County,,tom.luthy@mosquitosquad.com,Mosquito Squad,Pest control (home services),Bergen Passaic County,,(201) 870-4860,https://www.mosquitosquad.com/bergen-passaic-county/contact-us/,https://momentum-workshop-pilot.netlify.app/?utm_source=franchise_pilot&utm_medium=permissioned_outreach&utm_campaign=franchise_workshop_2026_08&utm_content=FRAN-SEND-0115#register,owner_operator,named_mailbox,mosquitosquad_contact_us,https://www.mosquitosquad.com/bergen-passaic-county/contact-us/,2026-08-14,2,SEND_READY,Not sent,
FRAN-SEND-0116,Mosquito Squad Chapel Hill Durham,,chapelhill.durham@mosquitosquad.com,Mosquito Squad,Pest control (home services),Chapel Hill Durham,,(919) 295-2494,https://www.mosquitosquad.com/chapel-hill-durham/contact-us/,https://momentum-workshop-pilot.netlify.app/?utm_source=franchise_pilot&utm_medium=permissioned_outreach&utm_campaign=franchise_workshop_2026_08&utm_content=FRAN-SEND-0116#register,owner_operator,named_mailbox,mosquitosquad_contact_us,https://www.mosquitosquad.com/chapel-hill-durham/contact-us/,2026-08-14,2,SEND_READY,Not sent,
FRAN-SEND-0117,Mosquito Squad El Paso,,elpaso.lascruces@mosquitosquad.com,Mosquito Squad,Pest control (home services),El Paso,,(915) 800-0343,https://www.mosquitosquad.com/el-paso/contact-us/,https://momentum-workshop-pilot.netlify.app/?utm_source=franchise_pilot&utm_medium=permissioned_outreach&utm_campaign=franchise_workshop_2026_08&utm_content=FRAN-SEND-0117#register,owner_operator,named_mailbox,mosquitosquad_contact_us,https://www.mosquitosquad.com/el-paso/contact-us/,2026-08-14,2,SEND_READY,Not sent,
FRAN-SEND-0118,Mosquito Squad El Paso,,nmsales1000@gmail.com,Mosquito Squad,Pest control (home services),El Paso,,(915) 800-0343,https://www.mosquitosquad.com/el-paso/contact-us/,https://momentum-workshop-pilot.netlify.app/?utm_source=franchise_pilot&utm_medium=permissioned_outreach&utm_campaign=franchise_workshop_2026_08&utm_content=FRAN-SEND-0118#register,owner_operator,named_mailbox,mosquitosquad_contact_us,https://www.mosquitosquad.com/el-paso/contact-us/,2026-08-14,2,SEND_READY,Not sent,
FRAN-SEND-0119,Mosquito Squad El Paso,,nmsales1001@gmail.com,Mosquito Squad,Pest control (home services),El Paso,,(915) 800-0343,https://www.mosquitosquad.com/el-paso/contact-us/,https://momentum-workshop-pilot.netlify.app/?utm_source=franchise_pilot&utm_medium=permissioned_outreach&utm_campaign=franchise_workshop_2026_08&utm_content=FRAN-SEND-0119#register,owner_operator,named_mailbox,mosquitosquad_contact_us,https://www.mosquitosquad.com/el-paso/contact-us/,2026-08-14,2,SEND_READY,Not sent,
FRAN-SEND-0120,Mosquito Squad El Paso,,nmsales1004@gmail.com,Mosquito Squad,Pest control (home services),El Paso,,(915) 800-0343,https://www.mosquitosquad.com/el-paso/contact-us/,https://momentum-workshop-pilot.netlify.app/?utm_source=franchise_pilot&utm_medium=permissioned_outreach&utm_campaign=franchise_workshop_2026_08&utm_content=FRAN-SEND-0120#register,owner_operator,named_mailbox,mosquitosquad_contact_us,https://www.mosquitosquad.com/el-paso/contact-us/,2026-08-14,2,SEND_READY,Not sent,
FRAN-SEND-0121,Mosquito Squad Houston,,tylersthoem@gmail.com,Mosquito Squad,Pest control (home services),Houston,,(713) 597-4202,https://www.mosquitosquad.com/houston/contact-us/,https://momentum-workshop-pilot.netlify.app/?utm_source=franchise_pilot&utm_medium=permissioned_outreach&utm_campaign=franchise_workshop_2026_08&utm_content=FRAN-SEND-0121#register,owner_operator,named_mailbox,mosquitosquad_contact_us,https://www.mosquitosquad.com/houston/contact-us/,2026-08-14,2,SEND_READY,Not sent,
FRAN-SEND-0122,Mosquito Squad Lafayette La,,lafayette.vermilion@mosquitosquad.com,Mosquito Squad,Pest control (home services),Lafayette La,,(337) 520-8123,https://www.mosquitosquad.com/lafayette-la/contact-us/,https://momentum-workshop-pilot.netlify.app/?utm_source=franchise_pilot&utm_medium=permissioned_outreach&utm_campaign=franchise_workshop_2026_08&utm_content=FRAN-SEND-0122#register,owner_operator,named_mailbox,mosquitosquad_contact_us,https://www.mosquitosquad.com/lafayette-la/contact-us/,2026-08-14,2,SEND_READY,Not sent,
FRAN-SEND-0123,Mosquito Squad Myrtle Beach,,jferrallo@yahoo.com,Mosquito Squad,Pest control (home services),Myrtle Beach,,(843) 790-5556,https://www.mosquitosquad.com/myrtle-beach/contact-us/,https://momentum-workshop-pilot.netlify.app/?utm_source=franchise_pilot&utm_medium=permissioned_outreach&utm_campaign=franchise_workshop_2026_08&utm_content=FRAN-SEND-0123#register,owner_operator,named_mailbox,mosquitosquad_contact_us,https://www.mosquitosquad.com/myrtle-beach/contact-us/,2026-08-14,2,SEND_READY,Not sent,
FRAN-SEND-0561,Mosquito Squad Annapolis,,annapolis@mosquitosquad.com,Mosquito Squad,Pest control (home services),Annapolis,,(410) 609-5609,https://www.mosquitosquad.com/annapolis/contact-us/,https://momentum-workshop-pilot.netlify.app/?utm_source=franchise_pilot&utm_medium=permissioned_outreach&utm_campaign=franchise_workshop_2026_08&utm_content=FRAN-SEND-0561#register,location_mailbox,role_mailbox,mosquitosquad_contact_us,https://www.mosquitosquad.com/annapolis/contact-us/,2026-08-14,2,SEND_READY,Not sent,
FRAN-SEND-0562,Mosquito Squad Augusta,,service@mosquitosquad.com,Mosquito Squad,Pest control (home services),Augusta,,(706) 608-8025,https://www.mosquitosquad.com/augusta/contact-us/,https://momentum-workshop-pilot.netlify.app/?utm_source=franchise_pilot&utm_medium=permissioned_outreach&utm_campaign=franchise_workshop_2026_08&utm_content=FRAN-SEND-0562#register,location_mailbox,role_mailbox,mosquitosquad_contact_us,https://www.mosquitosquad.com/augusta/contact-us/,2026-08-14,2,SEND_READY,Not sent,
FRAN-SEND-0563,Mosquito Squad Austin,,austin@mosquitosquad.com,Mosquito Squad,Pest control (home services),Austin,,(512) 488-5331,https://www.mosquitosquad.com/austin/contact-us/,https://momentum-workshop-pilot.netlify.app/?utm_source=franchise_pilot&utm_medium=permissioned_outreach&utm_campaign=franchise_workshop_2026_08&utm_content=FRAN-SEND-0563#register,location_mailbox,role_mailbox,mosquitosquad_contact_us,https://www.mosquitosquad.com/austin/contact-us/,2026-08-14,2,SEND_READY,Not sent,
FRAN-SEND-0564,Mosquito Squad Baltimore,,nebaltimore@mosquitosquad.com,Mosquito Squad,Pest control (home services),Baltimore,,(410) 600-7973,https://www.mosquitosquad.com/baltimore/contact-us/,https://momentum-workshop-pilot.netlify.app/?utm_source=franchise_pilot&utm_medium=permissioned_outreach&utm_campaign=franchise_workshop_2026_08&utm_content=FRAN-SEND-0564#register,location_mailbox,role_mailbox,mosquitosquad_contact_us,https://www.mosquitosquad.com/baltimore/contact-us/,2026-08-14,2,SEND_READY,Not sent,
FRAN-SEND-0565,Mosquito Squad Bangor Auburn,,bangorauburn@mosquitosquad.com,Mosquito Squad,Pest control (home services),Bangor Auburn,,(207) 387-7093,https://www.mosquitosquad.com/bangor-auburn/contact-us/,https://momentum-workshop-pilot.netlify.app/?utm_source=franchise_pilot&utm_medium=permissioned_outreach&utm_campaign=franchise_workshop_2026_08&utm_content=FRAN-SEND-0565#register,location_mailbox,role_mailbox,mosquitosquad_contact_us,https://www.mosquitosquad.com/bangor-auburn/contact-us/,2026-08-14,2,SEND_READY,Not sent,
FRAN-SEND-0566,Mosquito Squad Bergen Passaic County,,thesquad@mosquitosquad.com,Mosquito Squad,Pest control (home services),Bergen Passaic County,,(201) 870-4860,https://www.mosquitosquad.com/bergen-passaic-county/contact-us/,https://momentum-workshop-pilot.netlify.app/?utm_source=franchise_pilot&utm_medium=permissioned_outreach&utm_campaign=franchise_workshop_2026_08&utm_content=FRAN-SEND-0566#register,location_mailbox,role_mailbox,mosquitosquad_contact_us,https://www.mosquitosquad.com/bergen-passaic-county/contact-us/,2026-08-14,2,SEND_READY,Not sent,
FRAN-SEND-0567,Mosquito Squad Berkshire County,,berkshirecounty@mosquitosquad.com,Mosquito Squad,Pest control (home services),Berkshire County,,(413) 354-3539,https://www.mosquitosquad.com/berkshire-county/contact-us/,https://momentum-workshop-pilot.netlify.app/?utm_source=franchise_pilot&utm_medium=permissioned_outreach&utm_campaign=franchise_workshop_2026_08&utm_content=FRAN-SEND-0567#register,location_mailbox,role_mailbox,mosquitosquad_contact_us,https://www.mosquitosquad.com/berkshire-county/contact-us/,2026-08-14,2,SEND_READY,Not sent,
FRAN-SEND-0568,Mosquito Squad Boston Metro South,,chelmsford@mosquitosquad.com,Mosquito Squad,Pest control (home services),Boston Metro South,,(781) 471-5793,https://www.mosquitosquad.com/boston-metro-south/contact-us/,https://momentum-workshop-pilot.netlify.app/?utm_source=franchise_pilot&utm_medium=permissioned_outreach&utm_campaign=franchise_workshop_2026_08&utm_content=FRAN-SEND-0568#register,location_mailbox,role_mailbox,mosquitosquad_contact_us,https://www.mosquitosquad.com/boston-metro-south/contact-us/,2026-08-14,2,SEND_READY,Not sent,
FRAN-SEND-0569,Mosquito Squad Bradenton,,bradenton@mosquitosquadplus.com,Mosquito Squad,Pest control (home services),Bradenton,,(941) 315-5025,https://www.mosquitosquad.com/bradenton/contact-us/,https://momentum-workshop-pilot.netlify.app/?utm_source=franchise_pilot&utm_medium=permissioned_outreach&utm_campaign=franchise_workshop_2026_08&utm_content=FRAN-SEND-0569#register,location_mailbox,role_mailbox,mosquitosquad_contact_us,https://www.mosquitosquad.com/bradenton/contact-us/,2026-08-14,2,SEND_READY,Not sent,
FRAN-SEND-0570,Mosquito Squad Buffalo,,shenry@mosquitosquadplus.com,Mosquito Squad,Pest control (home services),Buffalo,,(716) 427-6480,https://www.mosquitosquad.com/buffalo/contact-us/,https://momentum-workshop-pilot.netlify.app/?utm_source=franchise_pilot&utm_medium=permissioned_outreach&utm_campaign=franchise_workshop_2026_08&utm_content=FRAN-SEND-0570#register,location_mailbox,role_mailbox,mosquitosquad_contact_us,https://www.mosquitosquad.com/buffalo/contact-us/,2026-08-14,2,SEND_READY,Not sent,
FRAN-SEND-0571,Mosquito Squad Cape Cod,,capecod@mosquitosquad.com,Mosquito Squad,Pest control (home services),Cape Cod,,(508) 406-7974,https://www.mosquitosquad.com/cape-cod/contact-us/,https://momentum-workshop-pilot.netlify.app/?utm_source=franchise_pilot&utm_medium=permissioned_outreach&utm_campaign=franchise_workshop_2026_08&utm_content=FRAN-SEND-0571#register,location_mailbox,role_mailbox,mosquitosquad_contact_us,https://www.mosquitosquad.com/cape-cod/contact-us/,2026-08-14,2,SEND_READY,Not sent,
FRAN-SEND-0572,Mosquito Squad Central Illinois,,springfield-decatur@mosquitosquad.com,Mosquito Squad,Pest control (home services),Central Illinois,,(217) 516-3141,https://www.mosquitosquad.com/central-illinois/contact-us/,https://momentum-workshop-pilot.netlify.app/?utm_source=franchise_pilot&utm_medium=permissioned_outreach&utm_campaign=franchise_workshop_2026_08&utm_content=FRAN-SEND-0572#register,location_mailbox,role_mailbox,mosquitosquad_contact_us,https://www.mosquitosquad.com/central-illinois/contact-us/,2026-08-14,2,SEND_READY,Not sent,
FRAN-SEND-0573,Mosquito Squad Central Va,,midatlantic@mosquitosquadplus.com,Mosquito Squad,Pest control (home services),Central Va,,(804) 409-2710,https://www.mosquitosquad.com/central-va/contact-us/,https://momentum-workshop-pilot.netlify.app/?utm_source=franchise_pilot&utm_medium=permissioned_outreach&utm_campaign=franchise_workshop_2026_08&utm_content=FRAN-SEND-0573#register,location_mailbox,role_mailbox,mosquitosquad_contact_us,https://www.mosquitosquad.com/central-va/contact-us/,2026-08-14,2,SEND_READY,Not sent,
FRAN-SEND-0574,Mosquito Squad Charlotte,,wilmington@mosquitosquad.com,Mosquito Squad,Pest control (home services),Charlotte,,(704) 666-4960,https://www.mosquitosquad.com/charlotte/contact-us/,https://momentum-workshop-pilot.netlify.app/?utm_source=franchise_pilot&utm_medium=permissioned_outreach&utm_campaign=franchise_workshop_2026_08&utm_content=FRAN-SEND-0574#register,location_mailbox,role_mailbox,mosquitosquad_contact_us,https://www.mosquitosquad.com/charlotte/contact-us/,2026-08-14,2,SEND_READY,Not sent,
FRAN-SEND-0575,Mosquito Squad Chattanooga Nwgeorgia,,chattanooga@mosquitosquad.com,Mosquito Squad,Pest control (home services),Chattanooga Nwgeorgia,,(423) 403-3513,https://www.mosquitosquad.com/chattanooga-nwgeorgia/contact-us/,https://momentum-workshop-pilot.netlify.app/?utm_source=franchise_pilot&utm_medium=permissioned_outreach&utm_campaign=franchise_workshop_2026_08&utm_content=FRAN-SEND-0575#register,location_mailbox,role_mailbox,mosquitosquad_contact_us,https://www.mosquitosquad.com/chattanooga-nwgeorgia/contact-us/,2026-08-14,2,SEND_READY,Not sent,
FRAN-SEND-0576,Mosquito Squad Chicago,,sales@mosquitosquadchicago.com,Mosquito Squad,Pest control (home services),Chicago,,(630) 556-8315,https://www.mosquitosquad.com/chicago/contact-us/,https://momentum-workshop-pilot.netlify.app/?utm_source=franchise_pilot&utm_medium=permissioned_outreach&utm_campaign=franchise_workshop_2026_08&utm_content=FRAN-SEND-0576#register,location_mailbox,role_mailbox,mosquitosquad_contact_us,https://www.mosquitosquad.com/chicago/contact-us/,2026-08-14,2,SEND_READY,Not sent,
FRAN-SEND-0577,Mosquito Squad Cincinnati,,ecincinnati@mosquitosquad.com,Mosquito Squad,Pest control (home services),Cincinnati,,(513) 666-5354,https://www.mosquitosquad.com/cincinnati/contact-us/,https://momentum-workshop-pilot.netlify.app/?utm_source=franchise_pilot&utm_medium=permissioned_outreach&utm_campaign=franchise_workshop_2026_08&utm_content=FRAN-SEND-0577#register,location_mailbox,role_mailbox,mosquitosquad_contact_us,https://www.mosquitosquad.com/cincinnati/contact-us/,2026-08-14,2,SEND_READY,Not sent,
FRAN-SEND-0578,Mosquito Squad Dallas Lake Highlands,,dallas-lakehighlands@mosquitosquad.com,Mosquito Squad,Pest control (home services),Dallas Lake Highlands,,(214) 506-2823,https://www.mosquitosquad.com/dallas-lake-highlands/contact-us/,https://momentum-workshop-pilot.netlify.app/?utm_source=franchise_pilot&utm_medium=permissioned_outreach&utm_campaign=franchise_workshop_2026_08&utm_content=FRAN-SEND-0578#register,location_mailbox,role_mailbox,mosquitosquad_contact_us,https://www.mosquitosquad.com/dallas-lake-highlands/contact-us/,2026-08-14,2,SEND_READY,Not sent,
FRAN-SEND-0579,Mosquito Squad Delray Beach,,delraybeach@mosquitosquad.com,Mosquito Squad,Pest control (home services),Delray Beach,,(561) 708-4679,https://www.mosquitosquad.com/delray-beach/contact-us/,https://momentum-workshop-pilot.netlify.app/?utm_source=franchise_pilot&utm_medium=permissioned_outreach&utm_campaign=franchise_workshop_2026_08&utm_content=FRAN-SEND-0579#register,location_mailbox,role_mailbox,mosquitosquad_contact_us,https://www.mosquitosquad.com/delray-beach/contact-us/,2026-08-14,2,SEND_READY,Not sent,
FRAN-SEND-0580,Mosquito Squad East Denver,,greaterfortcollins@mosquitosquad.com,Mosquito Squad,Pest control (home services),East Denver,,(720) 500-8064,https://www.mosquitosquad.com/east-denver/contact-us/,https://momentum-workshop-pilot.netlify.app/?utm_source=franchise_pilot&utm_medium=permissioned_outreach&utm_campaign=franchise_workshop_2026_08&utm_content=FRAN-SEND-0580#register,location_mailbox,role_mailbox,mosquitosquad_contact_us,https://www.mosquitosquad.com/east-denver/contact-us/,2026-08-14,2,SEND_READY,Not sent,
FRAN-SEND-0581,Mosquito Squad East Idaho,,boise@mosquitosquad.com,Mosquito Squad,Pest control (home services),East Idaho,,(208) 547-5970,https://www.mosquitosquad.com/east-idaho/contact-us/,https://momentum-workshop-pilot.netlify.app/?utm_source=franchise_pilot&utm_medium=permissioned_outreach&utm_campaign=franchise_workshop_2026_08&utm_content=FRAN-SEND-0581#register,location_mailbox,role_mailbox,mosquitosquad_contact_us,https://www.mosquitosquad.com/east-idaho/contact-us/,2026-08-14,2,SEND_READY,Not sent,
FRAN-SEND-0582,Mosquito Squad East Idaho,,idahofalls@mosquitosquad.com,Mosquito Squad,Pest control (home services),East Idaho,,(208) 547-5970,https://www.mosquitosquad.com/east-idaho/contact-us/,https://momentum-workshop-pilot.netlify.app/?utm_source=franchise_pilot&utm_medium=permissioned_outreach&utm_campaign=franchise_workshop_2026_08&utm_content=FRAN-SEND-0582#register,location_mailbox,role_mailbox,mosquitosquad_contact_us,https://www.mosquitosquad.com/east-idaho/contact-us/,2026-08-14,2,SEND_READY,Not sent,
FRAN-SEND-0583,Mosquito Squad East Valley,,eastvalley@mosquitosquad.com,Mosquito Squad,Pest control (home services),East Valley,,(480) 493-0046,https://www.mosquitosquad.com/east-valley/contact-us/,https://momentum-workshop-pilot.netlify.app/?utm_source=franchise_pilot&utm_medium=permissioned_outreach&utm_campaign=franchise_workshop_2026_08&utm_content=FRAN-SEND-0583#register,location_mailbox,role_mailbox,mosquitosquad_contact_us,https://www.mosquitosquad.com/east-valley/contact-us/,2026-08-14,2,SEND_READY,Not sent,
FRAN-SEND-0584,Mosquito Squad East Valley,,jschwartz@mosquitosquad.com,Mosquito Squad,Pest control (home services),East Valley,,(480) 493-0046,https://www.mosquitosquad.com/east-valley/contact-us/,https://momentum-workshop-pilot.netlify.app/?utm_source=franchise_pilot&utm_medium=permissioned_outreach&utm_campaign=franchise_workshop_2026_08&utm_content=FRAN-SEND-0584#register,location_mailbox,role_mailbox,mosquitosquad_contact_us,https://www.mosquitosquad.com/east-valley/contact-us/,2026-08-14,2,SEND_READY,Not sent,
FRAN-SEND-0585,Mosquito Squad East Valley,,mcarthur@mosquitosquad.com,Mosquito Squad,Pest control (home services),East Valley,,(480) 493-0046,https://www.mosquitosquad.com/east-valley/contact-us/,https://momentum-workshop-pilot.netlify.app/?utm_source=franchise_pilot&utm_medium=permissioned_outreach&utm_campaign=franchise_workshop_2026_08&utm_content=FRAN-SEND-0585#register,location_mailbox,role_mailbox,mosquitosquad_contact_us,https://www.mosquitosquad.com/east-valley/contact-us/,2026-08-14,2,SEND_READY,Not sent,
FRAN-SEND-0586,Mosquito Squad Eastern Shore,,easternshore@mosquitosquad.com,Mosquito Squad,Pest control (home services),Eastern Shore,,(443) 290-5209,https://www.mosquitosquad.com/eastern-shore/contact-us/,https://momentum-workshop-pilot.netlify.app/?utm_source=franchise_pilot&utm_medium=permissioned_outreach&utm_campaign=franchise_workshop_2026_08&utm_content=FRAN-SEND-0586#register,location_mailbox,role_mailbox,mosquitosquad_contact_us,https://www.mosquitosquad.com/eastern-shore/contact-us/,2026-08-14,2,SEND_READY,Not sent,
FRAN-SEND-0587,Mosquito Squad El Paso,,sthorndale@mosquitosquad.com,Mosquito Squad,Pest control (home services),El Paso,,(915) 800-0343,https://www.mosquitosquad.com/el-paso/contact-us/,https://momentum-workshop-pilot.netlify.app/?utm_source=franchise_pilot&utm_medium=permissioned_outreach&utm_campaign=franchise_workshop_2026_08&utm_content=FRAN-SEND-0587#register,location_mailbox,role_mailbox,mosquitosquad_contact_us,https://www.mosquitosquad.com/el-paso/contact-us/,2026-08-14,2,SEND_READY,Not sent,
FRAN-SEND-0588,Mosquito Squad Fenton Brighton,,sales@msquadmi.com,Mosquito Squad,Pest control (home services),Fenton Brighton,,(810) 202-9771,https://www.mosquitosquad.com/fenton-brighton/contact-us/,https://momentum-workshop-pilot.netlify.app/?utm_source=franchise_pilot&utm_medium=permissioned_outreach&utm_campaign=franchise_workshop_2026_08&utm_content=FRAN-SEND-0588#register,location_mailbox,role_mailbox,mosquitosquad_contact_us,https://www.mosquitosquad.com/fenton-brighton/contact-us/,2026-08-14,2,SEND_READY,Not sent,
FRAN-SEND-0589,Mosquito Squad Frederick,,frederick@mosquitosquad.com,Mosquito Squad,Pest control (home services),Frederick,,(301) 804-6972,https://www.mosquitosquad.com/frederick/contact-us/,https://momentum-workshop-pilot.netlify.app/?utm_source=franchise_pilot&utm_medium=permissioned_outreach&utm_campaign=franchise_workshop_2026_08&utm_content=FRAN-SEND-0589#register,location_mailbox,role_mailbox,mosquitosquad_contact_us,https://www.mosquitosquad.com/frederick/contact-us/,2026-08-14,2,SEND_READY,Not sent,
FRAN-SEND-0590,Mosquito Squad Frisco Mckinney,,frisco@mosquitosquad.com,Mosquito Squad,Pest control (home services),Frisco Mckinney,,(972) 521-3799,https://www.mosquitosquad.com/frisco-mckinney/contact-us/,https://momentum-workshop-pilot.netlify.app/?utm_source=franchise_pilot&utm_medium=permissioned_outreach&utm_campaign=franchise_workshop_2026_08&utm_content=FRAN-SEND-0590#register,location_mailbox,role_mailbox,mosquitosquad_contact_us,https://www.mosquitosquad.com/frisco-mckinney/contact-us/,2026-08-14,2,SEND_READY,Not sent,
FRAN-SEND-0591,Mosquito Squad Gastonia,,gastonia@mosquitosquad.com,Mosquito Squad,Pest control (home services),Gastonia,,(704) 228-2683,https://www.mosquitosquad.com/gastonia/contact-us/,https://momentum-workshop-pilot.netlify.app/?utm_source=franchise_pilot&utm_medium=permissioned_outreach&utm_campaign=franchise_workshop_2026_08&utm_content=FRAN-SEND-0591#register,location_mailbox,role_mailbox,mosquitosquad_contact_us,https://www.mosquitosquad.com/gastonia/contact-us/,2026-08-14,2,SEND_READY,Not sent,
FRAN-SEND-0592,Mosquito Squad Greater Atlanta,,greateratlanta@mosquitosquad.com,Mosquito Squad,Pest control (home services),Greater Atlanta,,(770) 504-4494,https://www.mosquitosquad.com/greater-atlanta/contact-us/,https://momentum-workshop-pilot.netlify.app/?utm_source=franchise_pilot&utm_medium=permissioned_outreach&utm_campaign=franchise_workshop_2026_08&utm_content=FRAN-SEND-0592#register,location_mailbox,role_mailbox,mosquitosquad_contact_us,https://www.mosquitosquad.com/greater-atlanta/contact-us/,2026-08-14,2,SEND_READY,Not sent,
FRAN-SEND-0593,Mosquito Squad Greater Birmingham,,alabama@mosquitosquad.com,Mosquito Squad,Pest control (home services),Greater Birmingham,,(205) 900-3528,https://www.mosquitosquad.com/greater-birmingham/contact-us/,https://momentum-workshop-pilot.netlify.app/?utm_source=franchise_pilot&utm_medium=permissioned_outreach&utm_campaign=franchise_workshop_2026_08&utm_content=FRAN-SEND-0593#register,location_mailbox,role_mailbox,mosquitosquad_contact_us,https://www.mosquitosquad.com/greater-birmingham/contact-us/,2026-08-14,2,SEND_READY,Not sent,
FRAN-SEND-0594,Mosquito Squad Greater Columbus,,greatercolumbus@mosquitosquad.com,Mosquito Squad,Pest control (home services),Greater Columbus,,(614) 808-8019,https://www.mosquitosquad.com/greater-columbus/contact-us/,https://momentum-workshop-pilot.netlify.app/?utm_source=franchise_pilot&utm_medium=permissioned_outreach&utm_campaign=franchise_workshop_2026_08&utm_content=FRAN-SEND-0594#register,location_mailbox,role_mailbox,mosquitosquad_contact_us,https://www.mosquitosquad.com/greater-columbus/contact-us/,2026-08-14,2,SEND_READY,Not sent,
FRAN-SEND-0595,Mosquito Squad Greater Dc,,dc@mosquitosquadplus.com,Mosquito Squad,Pest control (home services),Greater Dc,,(571) 364-6956,https://www.mosquitosquad.com/greater-dc/contact-us/,https://momentum-workshop-pilot.netlify.app/?utm_source=franchise_pilot&utm_medium=permissioned_outreach&utm_campaign=franchise_workshop_2026_08&utm_content=FRAN-SEND-0595#register,location_mailbox,role_mailbox,mosquitosquad_contact_us,https://www.mosquitosquad.com/greater-dc/contact-us/,2026-08-14,2,SEND_READY,Not sent,
FRAN-SEND-0596,Mosquito Squad Greater Fort Worth,,fortworth@mosquitosquad.com,Mosquito Squad,Pest control (home services),Greater Fort Worth,,(817) 835-8694,https://www.mosquitosquad.com/greater-fort-worth/contact-us/,https://momentum-workshop-pilot.netlify.app/?utm_source=franchise_pilot&utm_medium=permissioned_outreach&utm_campaign=franchise_workshop_2026_08&utm_content=FRAN-SEND-0596#register,location_mailbox,role_mailbox,mosquitosquad_contact_us,https://www.mosquitosquad.com/greater-fort-worth/contact-us/,2026-08-14,2,SEND_READY,Not sent,
FRAN-SEND-0597,Mosquito Squad Greater Indianapolis,,greaterindy@mosquitosquad.com,Mosquito Squad,Pest control (home services),Greater Indianapolis,,(317) 593-2545,https://www.mosquitosquad.com/greater-indianapolis/contact-us/,https://momentum-workshop-pilot.netlify.app/?utm_source=franchise_pilot&utm_medium=permissioned_outreach&utm_campaign=franchise_workshop_2026_08&utm_content=FRAN-SEND-0597#register,location_mailbox,role_mailbox,mosquitosquad_contact_us,https://www.mosquitosquad.com/greater-indianapolis/contact-us/,2026-08-14,2,SEND_READY,Not sent,
FRAN-SEND-0598,Mosquito Squad Greater Salt Lake City,,greaterslc@mosquitosquad.com,Mosquito Squad,Pest control (home services),Greater Salt Lake City,,(801) 331-5262,https://www.mosquitosquad.com/greater-salt-lake-city/contact-us/,https://momentum-workshop-pilot.netlify.app/?utm_source=franchise_pilot&utm_medium=permissioned_outreach&utm_campaign=franchise_workshop_2026_08&utm_content=FRAN-SEND-0598#register,location_mailbox,role_mailbox,mosquitosquad_contact_us,https://www.mosquitosquad.com/greater-salt-lake-city/contact-us/,2026-08-14,2,SEND_READY,Not sent,
FRAN-SEND-0599,Mosquito Squad Greater St Louis,,greatersaintlouis@mosquitosquad.com,Mosquito Squad,Pest control (home services),Greater St Louis,,(314) 582-3980,https://www.mosquitosquad.com/greater-st-louis/contact-us/,https://momentum-workshop-pilot.netlify.app/?utm_source=franchise_pilot&utm_medium=permissioned_outreach&utm_campaign=franchise_workshop_2026_08&utm_content=FRAN-SEND-0599#register,location_mailbox,role_mailbox,mosquitosquad_contact_us,https://www.mosquitosquad.com/greater-st-louis/contact-us/,2026-08-14,2,SEND_READY,Not sent,
FRAN-SEND-0600,Mosquito Squad Greater St Louis,,office@stlmosquitosquadplus.com,Mosquito Squad,Pest control (home services),Greater St Louis,,(314) 582-3980,https://www.mosquitosquad.com/greater-st-louis/contact-us/,https://momentum-workshop-pilot.netlify.app/?utm_source=franchise_pilot&utm_medium=permissioned_outreach&utm_campaign=franchise_workshop_2026_08&utm_content=FRAN-SEND-0600#register,location_mailbox,role_mailbox,mosquitosquad_contact_us,https://www.mosquitosquad.com/greater-st-louis/contact-us/,2026-08-14,2,SEND_READY,Not sent,
FRAN-SEND-0601,Mosquito Squad Greater St Louis,,salesinfo@mosquitosquad.com,Mosquito Squad,Pest control (home services),Greater St Louis,,(314) 582-3980,https://www.mosquitosquad.com/greater-st-louis/contact-us/,https://momentum-workshop-pilot.netlify.app/?utm_source=franchise_pilot&utm_medium=permissioned_outreach&utm_campaign=franchise_workshop_2026_08&utm_content=FRAN-SEND-0601#register,location_mailbox,role_mailbox,mosquitosquad_contact_us,https://www.mosquitosquad.com/greater-st-louis/contact-us/,2026-08-14,2,SEND_READY,Not sent,
FRAN-SEND-0602,Mosquito Squad Greenville,,greenville@mosquitosquad.com,Mosquito Squad,Pest control (home services),Greenville,,(864) 362-2013,https://www.mosquitosquad.com/greenville/contact-us/,https://momentum-workshop-pilot.netlify.app/?utm_source=franchise_pilot&utm_medium=permissioned_outreach&utm_campaign=franchise_workshop_2026_08&utm_content=FRAN-SEND-0602#register,location_mailbox,role_mailbox,mosquitosquad_contact_us,https://www.mosquitosquad.com/greenville/contact-us/,2026-08-14,2,SEND_READY,Not sent,
FRAN-SEND-0603,Mosquito Squad Hartford,,westhartford@mosquitosquad.com,Mosquito Squad,Pest control (home services),Hartford,,860-406-7450,https://www.mosquitosquad.com/hartford/contact-us/,https://momentum-workshop-pilot.netlify.app/?utm_source=franchise_pilot&utm_medium=permissioned_outreach&utm_campaign=franchise_workshop_2026_08&utm_content=FRAN-SEND-0603#register,location_mailbox,role_mailbox,mosquitosquad_contact_us,https://www.mosquitosquad.com/hartford/contact-us/,2026-08-14,2,SEND_READY,Not sent,
FRAN-SEND-0604,Mosquito Squad Houston,,houston@mosquitosquad.com,Mosquito Squad,Pest control (home services),Houston,,(713) 597-4202,https://www.mosquitosquad.com/houston/contact-us/,https://momentum-workshop-pilot.netlify.app/?utm_source=franchise_pilot&utm_medium=permissioned_outreach&utm_campaign=franchise_workshop_2026_08&utm_content=FRAN-SEND-0604#register,location_mailbox,role_mailbox,mosquitosquad_contact_us,https://www.mosquitosquad.com/houston/contact-us/,2026-08-14,2,SEND_READY,Not sent,
FRAN-SEND-0605,Mosquito Squad Houston,,houston@mosquitosquadplus.com,Mosquito Squad,Pest control (home services),Houston,,(713) 597-4202,https://www.mosquitosquad.com/houston/contact-us/,https://momentum-workshop-pilot.netlify.app/?utm_source=franchise_pilot&utm_medium=permissioned_outreach&utm_campaign=franchise_workshop_2026_08&utm_content=FRAN-SEND-0605#register,location_mailbox,role_mailbox,mosquitosquad_contact_us,https://www.mosquitosquad.com/houston/contact-us/,2026-08-14,2,SEND_READY,Not sent,
FRAN-SEND-0606,Mosquito Squad Howard And Montgomery County,,centralmaryland@mosquitosquad.com,Mosquito Squad,Pest control (home services),Howard And Montgomery County,,(301) 888-5713,https://www.mosquitosquad.com/howard-and-montgomery-county/contact-us/,https://momentum-workshop-pilot.netlify.app/?utm_source=franchise_pilot&utm_medium=permissioned_outreach&utm_campaign=franchise_workshop_2026_08&utm_content=FRAN-SEND-0606#register,location_mailbox,role_mailbox,mosquitosquad_contact_us,https://www.mosquitosquad.com/howard-and-montgomery-county/contact-us/,2026-08-14,2,SEND_READY,Not sent,
FRAN-SEND-0607,Mosquito Squad Irvine,,irvine@mosquitosquad.com,Mosquito Squad,Pest control (home services),Irvine,,(714) 242-4752,https://www.mosquitosquad.com/irvine/contact-us/,https://momentum-workshop-pilot.netlify.app/?utm_source=franchise_pilot&utm_medium=permissioned_outreach&utm_campaign=franchise_workshop_2026_08&utm_content=FRAN-SEND-0607#register,location_mailbox,role_mailbox,mosquitosquad_contact_us,https://www.mosquitosquad.com/irvine/contact-us/,2026-08-14,2,SEND_READY,Not sent,
FRAN-SEND-0608,Mosquito Squad Kansas City,,kc@mosquitosquad.com,Mosquito Squad,Pest control (home services),Kansas City,,913-372-2565,https://www.mosquitosquad.com/kansas-city/contact-us/,https://momentum-workshop-pilot.netlify.app/?utm_source=franchise_pilot&utm_medium=permissioned_outreach&utm_campaign=franchise_workshop_2026_08&utm_content=FRAN-SEND-0608#register,location_mailbox,role_mailbox,mosquitosquad_contact_us,https://www.mosquitosquad.com/kansas-city/contact-us/,2026-08-14,2,SEND_READY,Not sent,
FRAN-SEND-0609,Mosquito Squad Knoxville,,knoxville@mosquitosquad.com,Mosquito Squad,Pest control (home services),Knoxville,,(865) 413-7732,https://www.mosquitosquad.com/knoxville/contact-us/,https://momentum-workshop-pilot.netlify.app/?utm_source=franchise_pilot&utm_medium=permissioned_outreach&utm_campaign=franchise_workshop_2026_08&utm_content=FRAN-SEND-0609#register,location_mailbox,role_mailbox,mosquitosquad_contact_us,https://www.mosquitosquad.com/knoxville/contact-us/,2026-08-14,2,SEND_READY,Not sent,
FRAN-SEND-0610,Mosquito Squad Lacrosse,,madison@mosquitosquadplus.com,Mosquito Squad,Pest control (home services),Lacrosse,,(608) 514-9405,https://www.mosquitosquad.com/lacrosse/contact-us/,https://momentum-workshop-pilot.netlify.app/?utm_source=franchise_pilot&utm_medium=permissioned_outreach&utm_campaign=franchise_workshop_2026_08&utm_content=FRAN-SEND-0610#register,location_mailbox,role_mailbox,mosquitosquad_contact_us,https://www.mosquitosquad.com/lacrosse/contact-us/,2026-08-14,2,SEND_READY,Not sent,
FRAN-SEND-0611,Mosquito Squad Lake Country,,lakecountry@mosquitosquad.com,Mosquito Squad,Pest control (home services),Lake Country,,(434) 226-5530,https://www.mosquitosquad.com/lake-country/contact-us/,https://momentum-workshop-pilot.netlify.app/?utm_source=franchise_pilot&utm_medium=permissioned_outreach&utm_campaign=franchise_workshop_2026_08&utm_content=FRAN-SEND-0611#register,location_mailbox,role_mailbox,mosquitosquad_contact_us,https://www.mosquitosquad.com/lake-country/contact-us/,2026-08-14,2,SEND_READY,Not sent,
FRAN-SEND-0612,Mosquito Squad Lake Nona,,lakenona@mosquitosquadplus.com,Mosquito Squad,Pest control (home services),Lake Nona,,(407) 502-7120,https://www.mosquitosquad.com/lake-nona/contact-us/,https://momentum-workshop-pilot.netlify.app/?utm_source=franchise_pilot&utm_medium=permissioned_outreach&utm_campaign=franchise_workshop_2026_08&utm_content=FRAN-SEND-0612#register,location_mailbox,role_mailbox,mosquitosquad_contact_us,https://www.mosquitosquad.com/lake-nona/contact-us/,2026-08-14,2,SEND_READY,Not sent,
FRAN-SEND-0613,Mosquito Squad Lewisville,,lewisville@mosquitosquad.com,Mosquito Squad,Pest control (home services),Lewisville,,(469) 259-2585,https://www.mosquitosquad.com/lewisville/contact-us/,https://momentum-workshop-pilot.netlify.app/?utm_source=franchise_pilot&utm_medium=permissioned_outreach&utm_campaign=franchise_workshop_2026_08&utm_content=FRAN-SEND-0613#register,location_mailbox,role_mailbox,mosquitosquad_contact_us,https://www.mosquitosquad.com/lewisville/contact-us/,2026-08-14,2,SEND_READY,Not sent,
FRAN-SEND-0614,Mosquito Squad Lexington,,lex@mosquitosquad.com,Mosquito Squad,Pest control (home services),Lexington,,(859) 955-8037,https://www.mosquitosquad.com/lexington/contact-us/,https://momentum-workshop-pilot.netlify.app/?utm_source=franchise_pilot&utm_medium=permissioned_outreach&utm_campaign=franchise_workshop_2026_08&utm_content=FRAN-SEND-0614#register,location_mailbox,role_mailbox,mosquitosquad_contact_us,https://www.mosquitosquad.com/lexington/contact-us/,2026-08-14,2,SEND_READY,Not sent,
FRAN-SEND-0615,Mosquito Squad Losangeles,,quote@socalmosquitosquad.com,Mosquito Squad,Pest control (home services),Losangeles,,(818) 350-8870,https://www.mosquitosquad.com/losangeles/contact-us/,https://momentum-workshop-pilot.netlify.app/?utm_source=franchise_pilot&utm_medium=permissioned_outreach&utm_campaign=franchise_workshop_2026_08&utm_content=FRAN-SEND-0615#register,location_mailbox,role_mailbox,mosquitosquad_contact_us,https://www.mosquitosquad.com/losangeles/contact-us/,2026-08-14,2,SEND_READY,Not sent,
FRAN-SEND-0616,Mosquito Squad Losangeles,,sanfernandovalley@mosquitosquad.com,Mosquito Squad,Pest control (home services),Losangeles,,(818) 350-8870,https://www.mosquitosquad.com/losangeles/contact-us/,https://momentum-workshop-pilot.netlify.app/?utm_source=franchise_pilot&utm_medium=permissioned_outreach&utm_campaign=franchise_workshop_2026_08&utm_content=FRAN-SEND-0616#register,location_mailbox,role_mailbox,mosquitosquad_contact_us,https://www.mosquitosquad.com/losangeles/contact-us/,2026-08-14,2,SEND_READY,Not sent,
FRAN-SEND-0617,Mosquito Squad Louisville,,louisville@mosquitosquad.com,Mosquito Squad,Pest control (home services),Louisville,,(502) 443-9889,https://www.mosquitosquad.com/louisville/contact-us/,https://momentum-workshop-pilot.netlify.app/?utm_source=franchise_pilot&utm_medium=permissioned_outreach&utm_campaign=franchise_workshop_2026_08&utm_content=FRAN-SEND-0617#register,location_mailbox,role_mailbox,mosquitosquad_contact_us,https://www.mosquitosquad.com/louisville/contact-us/,2026-08-14,2,SEND_READY,Not sent,
FRAN-SEND-0618,Mosquito Squad Lowcountry,,lowcountry@mosquitosquad.com,Mosquito Squad,Pest control (home services),Lowcountry,,(843) 258-5593,https://www.mosquitosquad.com/lowcountry/contact-us/,https://momentum-workshop-pilot.netlify.app/?utm_source=franchise_pilot&utm_medium=permissioned_outreach&utm_campaign=franchise_workshop_2026_08&utm_content=FRAN-SEND-0618#register,location_mailbox,role_mailbox,mosquitosquad_contact_us,https://www.mosquitosquad.com/lowcountry/contact-us/,2026-08-14,2,SEND_READY,Not sent,
FRAN-SEND-0619,Mosquito Squad Melbourne,,melbourne@mosquitosquadplus.com,Mosquito Squad,Pest control (home services),Melbourne,,(321) 237-2317,https://www.mosquitosquad.com/melbourne/contact-us/,https://momentum-workshop-pilot.netlify.app/?utm_source=franchise_pilot&utm_medium=permissioned_outreach&utm_campaign=franchise_workshop_2026_08&utm_content=FRAN-SEND-0619#register,location_mailbox,role_mailbox,mosquitosquad_contact_us,https://www.mosquitosquad.com/melbourne/contact-us/,2026-08-14,2,SEND_READY,Not sent,
FRAN-SEND-0620,Mosquito Squad Modesto,,felicia@mosquitosquad.com,Mosquito Squad,Pest control (home services),Modesto,,(209) 248-0967,https://www.mosquitosquad.com/modesto/contact-us/,https://momentum-workshop-pilot.netlify.app/?utm_source=franchise_pilot&utm_medium=permissioned_outreach&utm_campaign=franchise_workshop_2026_08&utm_content=FRAN-SEND-0620#register,location_mailbox,role_mailbox,mosquitosquad_contact_us,https://www.mosquitosquad.com/modesto/contact-us/,2026-08-14,2,SEND_READY,Not sent,
FRAN-SEND-0621,Mosquito Squad Modesto,,raul@mosquitosquad.com,Mosquito Squad,Pest control (home services),Modesto,,(209) 248-0967,https://www.mosquitosquad.com/modesto/contact-us/,https://momentum-workshop-pilot.netlify.app/?utm_source=franchise_pilot&utm_medium=permissioned_outreach&utm_campaign=franchise_workshop_2026_08&utm_content=FRAN-SEND-0621#register,location_mailbox,role_mailbox,mosquitosquad_contact_us,https://www.mosquitosquad.com/modesto/contact-us/,2026-08-14,2,SEND_READY,Not sent,
FRAN-SEND-0622,Mosquito Squad Mount Laurel,,mountlaurel@mosquitosquad.com,Mosquito Squad,Pest control (home services),Mount Laurel,,(856) 300-6146,https://www.mosquitosquad.com/mount-laurel/contact-us/,https://momentum-workshop-pilot.netlify.app/?utm_source=franchise_pilot&utm_medium=permissioned_outreach&utm_campaign=franchise_workshop_2026_08&utm_content=FRAN-SEND-0622#register,location_mailbox,role_mailbox,mosquitosquad_contact_us,https://www.mosquitosquad.com/mount-laurel/contact-us/,2026-08-14,2,SEND_READY,Not sent,
FRAN-SEND-0623,Mosquito Squad Myrtle Beach,,myrtlebeach@mosquitosquad.com,Mosquito Squad,Pest control (home services),Myrtle Beach,,(843) 790-5556,https://www.mosquitosquad.com/myrtle-beach/contact-us/,https://momentum-workshop-pilot.netlify.app/?utm_source=franchise_pilot&utm_medium=permissioned_outreach&utm_campaign=franchise_workshop_2026_08&utm_content=FRAN-SEND-0623#register,location_mailbox,role_mailbox,mosquitosquad_contact_us,https://www.mosquitosquad.com/myrtle-beach/contact-us/,2026-08-14,2,SEND_READY,Not sent,
FRAN-SEND-0624,Mosquito Squad Nashville,,nashville@mosquitosquad.com,Mosquito Squad,Pest control (home services),Nashville,,(615) 492-3662,https://www.mosquitosquad.com/nashville/contact-us/,https://momentum-workshop-pilot.netlify.app/?utm_source=franchise_pilot&utm_medium=permissioned_outreach&utm_campaign=franchise_workshop_2026_08&utm_content=FRAN-SEND-0624#register,location_mailbox,role_mailbox,mosquitosquad_contact_us,https://www.mosquitosquad.com/nashville/contact-us/,2026-08-14,2,SEND_READY,Not sent,
FRAN-SEND-0625,Mosquito Squad Newton,,newton@mosquitosquad.com,Mosquito Squad,Pest control (home services),Newton,,(857) 285-5727,https://www.mosquitosquad.com/newton/contact-us/,https://momentum-workshop-pilot.netlify.app/?utm_source=franchise_pilot&utm_medium=permissioned_outreach&utm_campaign=franchise_workshop_2026_08&utm_content=FRAN-SEND-0625#register,location_mailbox,role_mailbox,mosquitosquad_contact_us,https://www.mosquitosquad.com/newton/contact-us/,2026-08-14,2,SEND_READY,Not sent,
FRAN-SEND-0626,Mosquito Squad North Central Minnesota,,ncminnesota@mosquitosquad.com,Mosquito Squad,Pest control (home services),North Central Minnesota,,(218) 304-7704,https://www.mosquitosquad.com/north-central-minnesota/contact-us/,https://momentum-workshop-pilot.netlify.app/?utm_source=franchise_pilot&utm_medium=permissioned_outreach&utm_campaign=franchise_workshop_2026_08&utm_content=FRAN-SEND-0626#register,location_mailbox,role_mailbox,mosquitosquad_contact_us,https://www.mosquitosquad.com/north-central-minnesota/contact-us/,2026-08-14,2,SEND_READY,Not sent,
FRAN-SEND-0627,Mosquito Squad North Central Wisconsin,,ncwisconsin@mosquitosquad.com,Mosquito Squad,Pest control (home services),North Central Wisconsin,,(715) 972-9717,https://www.mosquitosquad.com/north-central-wisconsin/contact-us/,https://momentum-workshop-pilot.netlify.app/?utm_source=franchise_pilot&utm_medium=permissioned_outreach&utm_campaign=franchise_workshop_2026_08&utm_content=FRAN-SEND-0627#register,location_mailbox,role_mailbox,mosquitosquad_contact_us,https://www.mosquitosquad.com/north-central-wisconsin/contact-us/,2026-08-14,2,SEND_READY,Not sent,
FRAN-SEND-0628,Mosquito Squad North Jersey,,northjersey@mosquitosquad.com,Mosquito Squad,Pest control (home services),North Jersey,,(973) 532-5047,https://www.mosquitosquad.com/north-jersey/contact-us/,https://momentum-workshop-pilot.netlify.app/?utm_source=franchise_pilot&utm_medium=permissioned_outreach&utm_campaign=franchise_workshop_2026_08&utm_content=FRAN-SEND-0628#register,location_mailbox,role_mailbox,mosquitosquad_contact_us,https://www.mosquitosquad.com/north-jersey/contact-us/,2026-08-14,2,SEND_READY,Not sent,
FRAN-SEND-0629,Mosquito Squad North Orange County,,northorangecounty@mosquitosquad.com,Mosquito Squad,Pest control (home services),North Orange County,,(714) 942-4331,https://www.mosquitosquad.com/north-orange-county/contact-us/,https://momentum-workshop-pilot.netlify.app/?utm_source=franchise_pilot&utm_medium=permissioned_outreach&utm_campaign=franchise_workshop_2026_08&utm_content=FRAN-SEND-0629#register,location_mailbox,role_mailbox,mosquitosquad_contact_us,https://www.mosquitosquad.com/north-orange-county/contact-us/,2026-08-14,2,SEND_READY,Not sent,
FRAN-SEND-0630,Mosquito Squad North Phoenix,,phoenix@mosquitosquad.com,Mosquito Squad,Pest control (home services),North Phoenix,,(623) 243-4352,https://www.mosquitosquad.com/north-phoenix/contact-us/,https://momentum-workshop-pilot.netlify.app/?utm_source=franchise_pilot&utm_medium=permissioned_outreach&utm_campaign=franchise_workshop_2026_08&utm_content=FRAN-SEND-0630#register,location_mailbox,role_mailbox,mosquitosquad_contact_us,https://www.mosquitosquad.com/north-phoenix/contact-us/,2026-08-14,2,SEND_READY,Not sent,
FRAN-SEND-0631,Mosquito Squad North Shore,,northshore@mosquitosquad.com,Mosquito Squad,Pest control (home services),North Shore,,(978) 597-7168,https://www.mosquitosquad.com/north-shore/contact-us/,https://momentum-workshop-pilot.netlify.app/?utm_source=franchise_pilot&utm_medium=permissioned_outreach&utm_campaign=franchise_workshop_2026_08&utm_content=FRAN-SEND-0631#register,location_mailbox,role_mailbox,mosquitosquad_contact_us,https://www.mosquitosquad.com/north-shore/contact-us/,2026-08-14,2,SEND_READY,Not sent,
FRAN-SEND-0632,Mosquito Squad North West Minnesota,,nwminnesota@mosquitosquad.com,Mosquito Squad,Pest control (home services),North West Minnesota,,(320) 289-4101,https://www.mosquitosquad.com/north-west-minnesota/contact-us/,https://momentum-workshop-pilot.netlify.app/?utm_source=franchise_pilot&utm_medium=permissioned_outreach&utm_campaign=franchise_workshop_2026_08&utm_content=FRAN-SEND-0632#register,location_mailbox,role_mailbox,mosquitosquad_contact_us,https://www.mosquitosquad.com/north-west-minnesota/contact-us/,2026-08-14,2,SEND_READY,Not sent,
FRAN-SEND-0633,Mosquito Squad North West Ohio,,nwohio@mosquitosquad.com,Mosquito Squad,Pest control (home services),North West Ohio,,(419) 273-9853,https://www.mosquitosquad.com/north-west-ohio/contact-us/,https://momentum-workshop-pilot.netlify.app/?utm_source=franchise_pilot&utm_medium=permissioned_outreach&utm_campaign=franchise_workshop_2026_08&utm_content=FRAN-SEND-0633#register,location_mailbox,role_mailbox,mosquitosquad_contact_us,https://www.mosquitosquad.com/north-west-ohio/contact-us/,2026-08-14,2,SEND_READY,Not sent,
FRAN-SEND-0634,Mosquito Squad North West Wisconsin,,nwwisconsin@mosquitosquad.com,Mosquito Squad,Pest control (home services),North West Wisconsin,,(715) 636-0817,https://www.mosquitosquad.com/north-west-wisconsin/contact-us/,https://momentum-workshop-pilot.netlify.app/?utm_source=franchise_pilot&utm_medium=permissioned_outreach&utm_campaign=franchise_workshop_2026_08&utm_content=FRAN-SEND-0634#register,location_mailbox,role_mailbox,mosquitosquad_contact_us,https://www.mosquitosquad.com/north-west-wisconsin/contact-us/,2026-08-14,2,SEND_READY,Not sent,
FRAN-SEND-0635,Mosquito Squad Northeast Florida,,neflorida@mosquitosquad.com,Mosquito Squad,Pest control (home services),Northeast Florida,,(904) 844-0816,https://www.mosquitosquad.com/northeast-florida/contact-us/,https://momentum-workshop-pilot.netlify.app/?utm_source=franchise_pilot&utm_medium=permissioned_outreach&utm_campaign=franchise_workshop_2026_08&utm_content=FRAN-SEND-0635#register,location_mailbox,role_mailbox,mosquitosquad_contact_us,https://www.mosquitosquad.com/northeast-florida/contact-us/,2026-08-14,2,SEND_READY,Not sent,
FRAN-SEND-0636,Mosquito Squad Northeast Minnesota,,neminnesota@mosquitosquadplus.com,Mosquito Squad,Pest control (home services),Northeast Minnesota,,(218) 325-9495,https://www.mosquitosquad.com/northeast-minnesota/contact-us/,https://momentum-workshop-pilot.netlify.app/?utm_source=franchise_pilot&utm_medium=permissioned_outreach&utm_campaign=franchise_workshop_2026_08&utm_content=FRAN-SEND-0636#register,location_mailbox,role_mailbox,mosquitosquad_contact_us,https://www.mosquitosquad.com/northeast-minnesota/contact-us/,2026-08-14,2,SEND_READY,Not sent,
FRAN-SEND-0637,Mosquito Squad Northeast Wisconsin,,northeastwi@mosquitosquad.com,Mosquito Squad,Pest control (home services),Northeast Wisconsin,,(920) 821-1142,https://www.mosquitosquad.com/northeast-wisconsin/contact-us/,https://momentum-workshop-pilot.netlify.app/?utm_source=franchise_pilot&utm_medium=permissioned_outreach&utm_campaign=franchise_workshop_2026_08&utm_content=FRAN-SEND-0637#register,location_mailbox,role_mailbox,mosquitosquad_contact_us,https://www.mosquitosquad.com/northeast-wisconsin/contact-us/,2026-08-14,2,SEND_READY,Not sent,
FRAN-SEND-0638,Mosquito Squad Northern Va,,northern-va@mosquitosquad.com,Mosquito Squad,Pest control (home services),Northern Va,,(703) 940-0772,https://www.mosquitosquad.com/northern-va/contact-us/,https://momentum-workshop-pilot.netlify.app/?utm_source=franchise_pilot&utm_medium=permissioned_outreach&utm_campaign=franchise_workshop_2026_08&utm_content=FRAN-SEND-0638#register,location_mailbox,role_mailbox,mosquitosquad_contact_us,https://www.mosquitosquad.com/northern-va/contact-us/,2026-08-14,2,SEND_READY,Not sent,
FRAN-SEND-0639,Mosquito Squad Northern Va,,nva@mosquitosquad.com,Mosquito Squad,Pest control (home services),Northern Va,,(703) 940-0772,https://www.mosquitosquad.com/northern-va/contact-us/,https://momentum-workshop-pilot.netlify.app/?utm_source=franchise_pilot&utm_medium=permissioned_outreach&utm_campaign=franchise_workshop_2026_08&utm_content=FRAN-SEND-0639#register,location_mailbox,role_mailbox,mosquitosquad_contact_us,https://www.mosquitosquad.com/northern-va/contact-us/,2026-08-14,2,SEND_READY,Not sent,
FRAN-SEND-0640,Mosquito Squad Northland,,northland@mosquitosquad.com,Mosquito Squad,Pest control (home services),Northland,,(816) 354-1127,https://www.mosquitosquad.com/northland/contact-us/,https://momentum-workshop-pilot.netlify.app/?utm_source=franchise_pilot&utm_medium=permissioned_outreach&utm_campaign=franchise_workshop_2026_08&utm_content=FRAN-SEND-0640#register,location_mailbox,role_mailbox,mosquitosquad_contact_us,https://www.mosquitosquad.com/northland/contact-us/,2026-08-14,2,SEND_READY,Not sent,
FRAN-SEND-0641,Mosquito Squad Nw Indiana,,sales@mosquitosquadindiana.com,Mosquito Squad,Pest control (home services),Nw Indiana,,(219) 402-3344,https://www.mosquitosquad.com/nw-indiana/contact-us/,https://momentum-workshop-pilot.netlify.app/?utm_source=franchise_pilot&utm_medium=permissioned_outreach&utm_campaign=franchise_workshop_2026_08&utm_content=FRAN-SEND-0641#register,location_mailbox,role_mailbox,mosquitosquad_contact_us,https://www.mosquitosquad.com/nw-indiana/contact-us/,2026-08-14,2,SEND_READY,Not sent,
FRAN-SEND-0642,Mosquito Squad Oklahoma City,,oklahomacity@mosquitosquad.com,Mosquito Squad,Pest control (home services),Oklahoma City,,(405) 792-0230,https://www.mosquitosquad.com/oklahoma-city/contact-us/,https://momentum-workshop-pilot.netlify.app/?utm_source=franchise_pilot&utm_medium=permissioned_outreach&utm_campaign=franchise_workshop_2026_08&utm_content=FRAN-SEND-0642#register,location_mailbox,role_mailbox,mosquitosquad_contact_us,https://www.mosquitosquad.com/oklahoma-city/contact-us/,2026-08-14,2,SEND_READY,Not sent,
FRAN-SEND-0644,Mosquito Squad Omaha Metro,,omahametro@mosquitosquad.com,Mosquito Squad,Pest control (home services),Omaha Metro,,(402) 378-9086,https://www.mosquitosquad.com/omaha-metro/contact-us/,https://momentum-workshop-pilot.netlify.app/?utm_source=franchise_pilot&utm_medium=permissioned_outreach&utm_campaign=franchise_workshop_2026_08&utm_content=FRAN-SEND-0643#register,location_mailbox,role_mailbox,mosquitosquad_contact_us,https://www.mosquitosquad.com/omaha-metro/contact-us/,2026-08-14,2,SEND_READY,Not sent,
,Mosquito Squad Pasadena,,pasadena@mosquitosquad.com,Mosquito Squad,Pest control (home services),Pasadena,,(213) 238-5564,https://www.mosquitosquad.com/pasadena/contact-us/,https://momentum-workshop-pilot.netlify.app/?utm_source=franchise_pilot&utm_medium=permissioned_outreach&utm_campaign=franchise_workshop_2026_08&utm_content=FRAN-SEND-0644#register,location_mailbox,role_mailbox,mosquitosquad_contact_us,https://www.mosquitosquad.com/pasadena/contact-us/,2026-08-14,2,SEND_READY,Not sent,
FRAN-SEND-0645,Mosquito Squad Raleigh,,raleigh@mosquitosquad.com,Mosquito Squad,Pest control (home services),Raleigh,,(919) 759-5688,https://www.mosquitosquad.com/raleigh/contact-us/,https://momentum-workshop-pilot.netlify.app/?utm_source=franchise_pilot&utm_medium=permissioned_outreach&utm_campaign=franchise_workshop_2026_08&utm_content=FRAN-SEND-0645#register,location_mailbox,role_mailbox,mosquitosquad_contact_us,https://www.mosquitosquad.com/raleigh/contact-us/,2026-08-14,2,SEND_READY,Not sent,
FRAN-SEND-0646,Mosquito Squad Rancho Cucamonga,,vanessa@mosquitosquad.com,Mosquito Squad,Pest control (home services),Rancho Cucamonga,,(909) 332-2594,https://www.mosquitosquad.com/rancho-cucamonga/contact-us/,https://momentum-workshop-pilot.netlify.app/?utm_source=franchise_pilot&utm_medium=permissioned_outreach&utm_campaign=franchise_workshop_2026_08&utm_content=FRAN-SEND-0646#register,location_mailbox,role_mailbox,mosquitosquad_contact_us,https://www.mosquitosquad.com/rancho-cucamonga/contact-us/,2026-08-14,2,SEND_READY,Not sent,
FRAN-SEND-0647,Mosquito Squad Rockford,,rockford@mosquitosquad.com,Mosquito Squad,Pest control (home services),Rockford,,(815) 324-6061,https://www.mosquitosquad.com/rockford/contact-us/,https://momentum-workshop-pilot.netlify.app/?utm_source=franchise_pilot&utm_medium=permissioned_outreach&utm_campaign=franchise_workshop_2026_08&utm_content=FRAN-SEND-0647#register,location_mailbox,role_mailbox,mosquitosquad_contact_us,https://www.mosquitosquad.com/rockford/contact-us/,2026-08-14,2,SEND_READY,Not sent,
FRAN-SEND-0648,Mosquito Squad Rockwall Sherman,,rockwall@mosquitosquadplus.com,Mosquito Squad,Pest control (home services),Rockwall Sherman,,(972) 588-4368,https://www.mosquitosquad.com/rockwall-sherman/contact-us/,https://momentum-workshop-pilot.netlify.app/?utm_source=franchise_pilot&utm_medium=permissioned_outreach&utm_campaign=franchise_workshop_2026_08&utm_content=FRAN-SEND-0648#register,location_mailbox,role_mailbox,mosquitosquad_contact_us,https://www.mosquitosquad.com/rockwall-sherman/contact-us/,2026-08-14,2,SEND_READY,Not sent,
FRAN-SEND-0649,Mosquito Squad Savannah,,savannah@mosquitosquad.com,Mosquito Squad,Pest control (home services),Savannah,,(912) 600-1574,https://www.mosquitosquad.com/savannah/contact-us/,https://momentum-workshop-pilot.netlify.app/?utm_source=franchise_pilot&utm_medium=permissioned_outreach&utm_campaign=franchise_workshop_2026_08&utm_content=FRAN-SEND-0649#register,location_mailbox,role_mailbox,mosquitosquad_contact_us,https://www.mosquitosquad.com/savannah/contact-us/,2026-08-14,2,SEND_READY,Not sent,
FRAN-SEND-0650,Mosquito Squad Scottsdale,,scottsdale@mosquitosquad.com,Mosquito Squad,Pest control (home services),Scottsdale,,(480) 470-3026,https://www.mosquitosquad.com/scottsdale/contact-us/,https://momentum-workshop-pilot.netlify.app/?utm_source=franchise_pilot&utm_medium=permissioned_outreach&utm_campaign=franchise_workshop_2026_08&utm_content=FRAN-SEND-0650#register,location_mailbox,role_mailbox,mosquitosquad_contact_us,https://www.mosquitosquad.com/scottsdale/contact-us/,2026-08-14,2,SEND_READY,Not sent,
FRAN-SEND-0651,Mosquito Squad South Jersey,,southjersey@mosquitosquad.com,Mosquito Squad,Pest control (home services),South Jersey,,(856) 617-5152,https://www.mosquitosquad.com/south-jersey/contact-us/,https://momentum-workshop-pilot.netlify.app/?utm_source=franchise_pilot&utm_medium=permissioned_outreach&utm_campaign=franchise_workshop_2026_08&utm_content=FRAN-SEND-0651#register,location_mailbox,role_mailbox,mosquitosquad_contact_us,https://www.mosquitosquad.com/south-jersey/contact-us/,2026-08-14,2,SEND_READY,Not sent,
FRAN-SEND-0652,Mosquito Squad South Metro Minnesota,,minnesota@mosquitosquad.com,Mosquito Squad,Pest control (home services),South Metro Minnesota,,(952) 260-3998,https://www.mosquitosquad.com/south-metro-minnesota/contact-us/,https://momentum-workshop-pilot.netlify.app/?utm_source=franchise_pilot&utm_medium=permissioned_outreach&utm_campaign=franchise_workshop_2026_08&utm_content=FRAN-SEND-0652#register,location_mailbox,role_mailbox,mosquitosquad_contact_us,https://www.mosquitosquad.com/south-metro-minnesota/contact-us/,2026-08-14,2,SEND_READY,Not sent,
FRAN-SEND-0653,Mosquito Squad Southeast Michigan,,semichcustomercare@mosquitosquad.com,Mosquito Squad,Pest control (home services),Southeast Michigan,,(734) 636-2893,https://www.mosquitosquad.com/southeast-michigan/contact-us/,https://momentum-workshop-pilot.netlify.app/?utm_source=franchise_pilot&utm_medium=permissioned_outreach&utm_campaign=franchise_workshop_2026_08&utm_content=FRAN-SEND-0653#register,location_mailbox,role_mailbox,mosquitosquad_contact_us,https://www.mosquitosquad.com/southeast-michigan/contact-us/,2026-08-14,2,SEND_READY,Not sent,
FRAN-SEND-0654,Mosquito Squad Southeast Pa,,squadsupport@mosquitosquad.com,Mosquito Squad,Pest control (home services),Southeast Pa,,(610) 463-0507,https://www.mosquitosquad.com/southeast-pa/contact-us/,https://momentum-workshop-pilot.netlify.app/?utm_source=franchise_pilot&utm_medium=permissioned_outreach&utm_campaign=franchise_workshop_2026_08&utm_content=FRAN-SEND-0654#register,location_mailbox,role_mailbox,mosquitosquad_contact_us,https://www.mosquitosquad.com/southeast-pa/contact-us/,2026-08-14,2,SEND_READY,Not sent,
FRAN-SEND-0655,Mosquito Squad Southeast Wyoming,,sewyoming@mosquitosquad.com,Mosquito Squad,Pest control (home services),Southeast Wyoming,,(307) 249-3218,https://www.mosquitosquad.com/southeast-wyoming/contact-us/,https://momentum-workshop-pilot.netlify.app/?utm_source=franchise_pilot&utm_medium=permissioned_outreach&utm_campaign=franchise_workshop_2026_08&utm_content=FRAN-SEND-0655#register,location_mailbox,role_mailbox,mosquitosquad_contact_us,https://www.mosquitosquad.com/southeast-wyoming/contact-us/,2026-08-14,2,SEND_READY,Not sent,
FRAN-SEND-0656,Mosquito Squad Southeastern Mass,,southeasternma@mosquitosquad.com,Mosquito Squad,Pest control (home services),Southeastern Mass,,(774) 234-4611,https://www.mosquitosquad.com/southeastern-mass/contact-us/,https://momentum-workshop-pilot.netlify.app/?utm_source=franchise_pilot&utm_medium=permissioned_outreach&utm_campaign=franchise_workshop_2026_08&utm_content=FRAN-SEND-0656#register,location_mailbox,role_mailbox,mosquitosquad_contact_us,https://www.mosquitosquad.com/southeastern-mass/contact-us/,2026-08-14,2,SEND_READY,Not sent,
FRAN-SEND-0657,Mosquito Squad Southern Maine,,sales.somaine@mosquitosquad.com,Mosquito Squad,Pest control (home services),Southern Maine,,(207) 387-8107,https://www.mosquitosquad.com/southern-maine/contact-us/,https://momentum-workshop-pilot.netlify.app/?utm_source=franchise_pilot&utm_medium=permissioned_outreach&utm_campaign=franchise_workshop_2026_08&utm_content=FRAN-SEND-0657#register,location_mailbox,role_mailbox,mosquitosquad_contact_us,https://www.mosquitosquad.com/southern-maine/contact-us/,2026-08-14,2,SEND_READY,Not sent,
FRAN-SEND-0658,Mosquito Squad Spartanburg Anderson,,upstate@mosquitosquad.com,Mosquito Squad,Pest control (home services),Spartanburg Anderson,,(864) 643-2205,https://www.mosquitosquad.com/spartanburg-anderson/contact-us/,https://momentum-workshop-pilot.netlify.app/?utm_source=franchise_pilot&utm_medium=permissioned_outreach&utm_campaign=franchise_workshop_2026_08&utm_content=FRAN-SEND-0658#register,location_mailbox,role_mailbox,mosquitosquad_contact_us,https://www.mosquitosquad.com/spartanburg-anderson/contact-us/,2026-08-14,2,SEND_READY,Not sent,
FRAN-SEND-0659,Mosquito Squad St Louis Metro East,,tsostak@mosquitosquad.com,Mosquito Squad,Pest control (home services),St Louis Metro East,,(618) 221-5139,https://www.mosquitosquad.com/st-louis-metro-east/contact-us/,https://momentum-workshop-pilot.netlify.app/?utm_source=franchise_pilot&utm_medium=permissioned_outreach&utm_campaign=franchise_workshop_2026_08&utm_content=FRAN-SEND-0659#register,location_mailbox,role_mailbox,mosquitosquad_contact_us,https://www.mosquitosquad.com/st-louis-metro-east/contact-us/,2026-08-14,2,SEND_READY,Not sent,
FRAN-SEND-0660,Mosquito Squad St Petersburg,,stpetersburg@mosquitosquad.com,Mosquito Squad,Pest control (home services),St Petersburg,,(727) 472-0751,https://www.mosquitosquad.com/st-petersburg/contact-us/,https://momentum-workshop-pilot.netlify.app/?utm_source=franchise_pilot&utm_medium=permissioned_outreach&utm_campaign=franchise_workshop_2026_08&utm_content=FRAN-SEND-0660#register,location_mailbox,role_mailbox,mosquitosquad_contact_us,https://www.mosquitosquad.com/st-petersburg/contact-us/,2026-08-14,2,SEND_READY,Not sent,
FRAN-SEND-0661,Mosquito Squad Tampa Bay,,tampabay@mosquitosquad.com,Mosquito Squad,Pest control (home services),Tampa Bay,,(813) 534-5918,https://www.mosquitosquad.com/tampa-bay/contact-us/,https://momentum-workshop-pilot.netlify.app/?utm_source=franchise_pilot&utm_medium=permissioned_outreach&utm_campaign=franchise_workshop_2026_08&utm_content=FRAN-SEND-0661#register,location_mailbox,role_mailbox,mosquitosquad_contact_us,https://www.mosquitosquad.com/tampa-bay/contact-us/,2026-08-14,2,SEND_READY,Not sent,
FRAN-SEND-0662,Mosquito Squad Temecula Murrieta,,jmisiti@mosquitosquad.com,Mosquito Squad,Pest control (home services),Temecula Murrieta,,(951) 824-6823,https://www.mosquitosquad.com/temecula-murrieta/contact-us/,https://momentum-workshop-pilot.netlify.app/?utm_source=franchise_pilot&utm_medium=permissioned_outreach&utm_campaign=franchise_workshop_2026_08&utm_content=FRAN-SEND-0662#register,location_mailbox,role_mailbox,mosquitosquad_contact_us,https://www.mosquitosquad.com/temecula-murrieta/contact-us/,2026-08-14,2,SEND_READY,Not sent,
FRAN-SEND-0663,Mosquito Squad Temecula Murrieta,,temeculavalley@mosquitosquad.com,Mosquito Squad,Pest control (home services),Temecula Murrieta,,(951) 824-6823,https://www.mosquitosquad.com/temecula-murrieta/contact-us/,https://momentum-workshop-pilot.netlify.app/?utm_source=franchise_pilot&utm_medium=permissioned_outreach&utm_campaign=franchise_workshop_2026_08&utm_content=FRAN-SEND-0663#register,location_mailbox,role_mailbox,mosquitosquad_contact_us,https://www.mosquitosquad.com/temecula-murrieta/contact-us/,2026-08-14,2,SEND_READY,Not sent,
FRAN-SEND-0664,Mosquito Squad The Sandhills,,fayetteville@mosquitosquad.com,Mosquito Squad,Pest control (home services),The Sandhills,,(910) 387-5983,https://www.mosquitosquad.com/the-sandhills/contact-us/,https://momentum-workshop-pilot.netlify.app/?utm_source=franchise_pilot&utm_medium=permissioned_outreach&utm_campaign=franchise_workshop_2026_08&utm_content=FRAN-SEND-0664#register,location_mailbox,role_mailbox,mosquitosquad_contact_us,https://www.mosquitosquad.com/the-sandhills/contact-us/,2026-08-14,2,SEND_READY,Not sent,
FRAN-SEND-0665,Mosquito Squad The Sandhills,,sandhills@mosquitosquad.com,Mosquito Squad,Pest control (home services),The Sandhills,,(910) 387-5983,https://www.mosquitosquad.com/the-sandhills/contact-us/,https://momentum-workshop-pilot.netlify.app/?utm_source=franchise_pilot&utm_medium=permissioned_outreach&utm_campaign=franchise_workshop_2026_08&utm_content=FRAN-SEND-0665#register,location_mailbox,role_mailbox,mosquitosquad_contact_us,https://www.mosquitosquad.com/the-sandhills/contact-us/,2026-08-14,2,SEND_READY,Not sent,
FRAN-SEND-0666,Mosquito Squad Triad,,triad@mosquitosquad.com,Mosquito Squad,Pest control (home services),Triad,,(336) 347-4462,https://www.mosquitosquad.com/triad/contact-us/,https://momentum-workshop-pilot.netlify.app/?utm_source=franchise_pilot&utm_medium=permissioned_outreach&utm_campaign=franchise_workshop_2026_08&utm_content=FRAN-SEND-0666#register,location_mailbox,role_mailbox,mosquitosquad_contact_us,https://www.mosquitosquad.com/triad/contact-us/,2026-08-14,2,SEND_READY,Not sent,
FRAN-SEND-0667,Mosquito Squad Tucson,,tucson@mosquitosquad.com,Mosquito Squad,Pest control (home services),Tucson,,(520) 224-1606,https://www.mosquitosquad.com/tucson/contact-us/,https://momentum-workshop-pilot.netlify.app/?utm_source=franchise_pilot&utm_medium=permissioned_outreach&utm_campaign=franchise_workshop_2026_08&utm_content=FRAN-SEND-0667#register,location_mailbox,role_mailbox,mosquitosquad_contact_us,https://www.mosquitosquad.com/tucson/contact-us/,2026-08-14,2,SEND_READY,Not sent,
FRAN-SEND-0668,Mosquito Squad Washington Greenville,,innerbanks@mosquitosquad.com,Mosquito Squad,Pest control (home services),Washington Greenville,,(252) 277-2187,https://www.mosquitosquad.com/washington-greenville/contact-us/,https://momentum-workshop-pilot.netlify.app/?utm_source=franchise_pilot&utm_medium=permissioned_outreach&utm_campaign=franchise_workshop_2026_08&utm_content=FRAN-SEND-0668#register,location_mailbox,role_mailbox,mosquitosquad_contact_us,https://www.mosquitosquad.com/washington-greenville/contact-us/,2026-08-14,2,SEND_READY,Not sent,
FRAN-SEND-0669,Mosquito Squad Waukesha County,,waukeshacounty@mosquitosquad.com,Mosquito Squad,Pest control (home services),Waukesha County,,(262) 333-0395,https://www.mosquitosquad.com/waukesha-county/contact-us/,https://momentum-workshop-pilot.netlify.app/?utm_source=franchise_pilot&utm_medium=permissioned_outreach&utm_campaign=franchise_workshop_2026_08&utm_content=FRAN-SEND-0669#register,location_mailbox,role_mailbox,mosquitosquad_contact_us,https://www.mosquitosquad.com/waukesha-county/contact-us/,2026-08-14,2,SEND_READY,Not sent,
FRAN-SEND-0670,Mosquito Squad West Broward County,,jarcher@mosquitosquad.com,Mosquito Squad,Pest control (home services),West Broward County,,(954) 256-1541,https://www.mosquitosquad.com/west-broward-county/contact-us/,https://momentum-workshop-pilot.netlify.app/?utm_source=franchise_pilot&utm_medium=permissioned_outreach&utm_campaign=franchise_workshop_2026_08&utm_content=FRAN-SEND-0670#register,location_mailbox,role_mailbox,mosquitosquad_contact_us,https://www.mosquitosquad.com/west-broward-county/contact-us/,2026-08-14,2,SEND_READY,Not sent,
FRAN-SEND-0671,Mosquito Squad West Denver,,westdenver@mosquitosquad.com,Mosquito Squad,Pest control (home services),West Denver,,(303) 997-0166,https://www.mosquitosquad.com/west-denver/contact-us/,https://momentum-workshop-pilot.netlify.app/?utm_source=franchise_pilot&utm_medium=permissioned_outreach&utm_campaign=franchise_workshop_2026_08&utm_content=FRAN-SEND-0671#register,location_mailbox,role_mailbox,mosquitosquad_contact_us,https://www.mosquitosquad.com/west-denver/contact-us/,2026-08-14,2,SEND_READY,Not sent,
FRAN-SEND-0672,Mosquito Squad West Tulsa,,westtulsa@mosquitosquad.com,Mosquito Squad,Pest control (home services),West Tulsa,,(918) 550-8350,https://www.mosquitosquad.com/west-tulsa/contact-us/,https://momentum-workshop-pilot.netlify.app/?utm_source=franchise_pilot&utm_medium=permissioned_outreach&utm_campaign=franchise_workshop_2026_08&utm_content=FRAN-SEND-0672#register,location_mailbox,role_mailbox,mosquitosquad_contact_us,https://www.mosquitosquad.com/west-tulsa/contact-us/,2026-08-14,2,SEND_READY,Not sent,
FRAN-SEND-0673,Mosquito Squad Western Slope,,westernslope@mosquitosquad.com,Mosquito Squad,Pest control (home services),Western Slope,,(970) 414-1769,https://www.mosquitosquad.com/western-slope/contact-us/,https://momentum-workshop-pilot.netlify.app/?utm_source=franchise_pilot&utm_medium=permissioned_outreach&utm_campaign=franchise_workshop_2026_08&utm_content=FRAN-SEND-0673#register,location_mailbox,role_mailbox,mosquitosquad_contact_us,https://www.mosquitosquad.com/western-slope/contact-us/,2026-08-14,2,SEND_READY,Not sent,
