query,winB_clicks,winB_impr,winB_pos
jumpfactor,2,379,7.9
market research companies in cincinnati,2,3,1
2026 digital marketing trends,1,142,16.4
2026 social media holiday calendar,1,16,5.2
best it marketing campaigns,1,53,10.1
big orange marketing agency,1,73,1.0
big orange marketing msp,1,789,1.2
big orange marketing reviews,1,65,5.2
digital marketing agencies in idaho,1,1,81
digital marketing trends 2026,1,1933,6.5
digital marketing trends for 2026,1,18,11
digital.marketing agency near me,1,1,6
experiential marketing agencies,1,4,1.2
heyday homes,1,1,11
joomconnect,1,89,7.5
march 2026 social media holidays,1,56,7.4
marketing agencies in united states,1,1,41
marketing and advertising agencies,1,5,1
marketing citation,1,1,3
marketing firm for small businesses,1,9,25
marketing in ohio,1,10,1.1
no,1,1,1
social.media marketing,1,1,2
storybrand brand script example,1,6,10.8
taya content,1,134,15.0
top advertising agencies near me,1,1,1
top digital marketing trends for 2026,1,12,9.3
web design redesign,1,125,30.9
where's the image,1,1,9
who else,1,2,5
why is the company name and logo important in the manufacturing industry?,1,11,7.1
