query,winA_clicks,winA_impr,winA_pos,winB_clicks,status
story brand website,9,935,10.3,0,zero clicks
bigorange.marketing,7,96,1,0,zero clicks
eos marketing strategy,7,903,8.0,0,zero clicks
search everywhere optimization,7,3283,24.2,0,zero clicks
donald miller storybrand website examples,6,51,2.5,0,gone
marketing agency for builders,6,999,26.3,0,zero clicks
storybrand website design,6,2936,6.7,0,zero clicks
storybrand website framework,6,1385,16.1,0,zero clicks
how many msps are there,5,207,3.8,0,zero clicks
landscaping marketing agency,5,6565,34.4,0,zero clicks
why are the company name and logo important in the manufacturing industry?,5,44,10.1,0,gone
hubspot for msps,4,108,7.2,0,zero clicks
soc marketing,4,420,5.5,0,zero clicks
storybrand character examples,4,314,3.6,0,zero clicks
digital marketing agency,3,971,11.2,0,zero clicks
great storybrand websites,3,106,2.0,0,gone
marketing firms cincinnati,3,846,4.5,0,zero clicks
msp websites,3,2949,12.4,0,zero clicks
one page marketing strategy template,3,413,6.2,0,zero clicks
storybrand framework website,3,572,8.7,0,zero clicks
big orange media,2,185,12.0,0,zero clicks
big orange phone number,2,13,56.8,0,gone
brand script,2,537,18.7,0,zero clicks
builders marketing group,2,229,21.6,0,zero clicks
digital marketing agencies,2,1560,70.1,0,zero clicks
digital marketing agencies near me,2,396,54.1,0,zero clicks
digital marketing for msp,2,3546,18.0,0,zero clicks
donald miller storybrand,2,244,23.0,0,zero clicks
green industry marketing,2,785,10.8,0,zero clicks
home builder marketing,2,7804,19.8,0,zero clicks
intuit pci compliance,2,519,11.7,0,zero clicks
landscaping marketing,2,2873,76.8,0,zero clicks
msp sites,2,728,9.0,0,zero clicks
number of msps in the us,2,209,1.9,0,zero clicks
social media authority,2,80,5.4,0,zero clicks
story brand marketing,2,863,22.8,0,zero clicks
storybrand clients,2,100,2.8,0,gone
storybrand framework example,2,1145,12.6,0,zero clicks
storybrand seo,2,2566,14.3,0,zero clicks
storybrand website examples for coaches,2,808,21.1,0,zero clicks
1 page marketing plan example,1,542,15.2,0,zero clicks
1 page marketing plan template,1,587,12.4,0,zero clicks
advertising companies,1,3,7,0,zero clicks
advertising company,1,1,8,0,zero clicks
advertising for landscapers,1,210,60.3,0,zero clicks
ashburn bot traffic,1,69,8,0,zero clicks
ashburn virginia bot traffic,1,57,8.5,0,zero clicks
authority social media,1,687,6.4,0,zero clicks
best digital agencies,1,2,13.5,0,zero clicks
best digital marketing agency in usa,1,1,61,0,zero clicks
best google advertising agency,1,3,1.7,0,gone
best msp marketing agency,1,28,8.8,0,zero clicks
best msp marketing company,1,1348,10.2,0,zero clicks
best msp websites,1,1111,18.3,0,zero clicks
big digital marketing agency,1,221,50.1,0,zero clicks
brand citation,1,2,1,0,gone
builder marketing,1,4123,22.1,0,zero clicks
building a storybrand framework,1,608,16.5,0,zero clicks
building a storybrand website,1,1131,13.4,0,zero clicks
business marketing company,1,46,37.3,0,zero clicks
businesses in cincinnati,1,1,3,0,zero clicks
cincinnati ad agencies,1,347,32.0,0,zero clicks
cincinnati ad agency,1,623,26.6,0,zero clicks
cincinnati marketing company,1,491,6.6,0,zero clicks
cincinnati seo agencies,1,2,38,0,zero clicks
cincinnati web design company,1,244,87.4,0,zero clicks
click hook,1,1,2,0,gone
design agencies cincinnati,1,9,88.3,0,zero clicks
design agency cincinnati,1,13,82.8,0,zero clicks
digital marketing agencies in ohio,1,932,42.6,0,zero clicks
digital marketing agnecy,1,1,9,0,gone
digital marketing cincinnati ohio,1,719,5.7,0,zero clicks
digital marketing firm,1,364,10.3,0,zero clicks
digital marketing for landscapers,1,4615,62.4,0,zero clicks
digital marketing services cincinnati,1,1128,6.4,0,zero clicks
donald miller storybrand website,1,83,8.2,0,zero clicks
donald miller storytelling,1,52,94.4,0,zero clicks
embed calculator,1,111,12.5,0,zero clicks
eos marketing,1,382,23.1,0,zero clicks
experience marketing agencies,1,1,6,0,gone
give examples,1,1,2,0,gone
graphic design agency cincinnati,1,1,61,0,gone
hero statement examples,1,136,4.6,0,zero clicks
home builder marketers,1,1092,28.2,0,zero clicks
home builder marketing company,1,4475,4.8,0,zero clicks
home builder marketing services,1,1049,7.8,0,zero clicks
homebuilder marketing,1,4371,17.0,0,zero clicks
hook about social media,1,169,22.8,0,zero clicks
housebuilder marketing agency,1,130,23.7,0,zero clicks
how big is the msp industry?,1,44,9.5,0,zero clicks
how many managed service providers are there,1,1446,5.5,0,zero clicks
how many msp are there,1,37,6.6,0,zero clicks
how many msps,1,18,2.1,0,zero clicks
how to get more youtube views,1,1,1,0,gone
how to increase ai visibility,1,30,7.3,0,zero clicks
hvac marketing agency,1,1,1,0,zero clicks
internet marketing companies,1,952,71.3,0,zero clicks
it msp marketing,1,2694,19.4,0,zero clicks
janice brewster,1,39,13.6,0,zero clicks
january 2026 social media holidays,1,21,7.7,0,zero clicks
keywords are dead,1,3031,48.9,0,zero clicks
kinds of post,1,2,16,0,gone
landscape keywords,1,83,4.5,0,zero clicks
landscaping industry revenue,1,15,5.3,0,gone
landscaping industry statistics,1,485,11.8,0,zero clicks
landscaping market size,1,466,10.4,0,zero clicks
local marketing company,1,6,7.3,0,zero clicks
managed it services companies in usa,1,11,79.8,0,gone
managed service providers in usa,1,201,55.0,0,zero clicks
managed services magazine,1,1,43,0,gone
marketing agencies ohio,1,651,39.3,0,zero clicks
marketing agency for homebuilders,1,786,3.9,0,zero clicks
marketing agency for landscapers,1,526,32.6,0,zero clicks
marketing agency in cincinnati,1,847,4.7,0,zero clicks
marketing companies cincinnati ohio,1,55,3.3,0,gone
marketing company cincinnati,1,474,4.5,0,zero clicks
marketing compnay,1,2,6,0,gone
marketing consultant near me,1,3,1,0,zero clicks
marketing firm,1,72,8.8,0,zero clicks
marketing firm near me,1,3,6.7,0,zero clicks
marketing near me,1,7,9.7,0,zero clicks
marketing places,1,2,3.5,0,gone
marketing to industrial companies,1,171,16.4,0,zero clicks
media agency near me,1,5,9.4,0,zero clicks
media hook,1,90,8.1,0,zero clicks
msp agencies,1,198,27.6,0,zero clicks
msp blogs,1,218,63.3,0,zero clicks
msp brochure,1,73,20.3,0,zero clicks
msp digital marketing,1,6117,22.4,0,zero clicks
msp homepage,1,1,2,0,zero clicks
msp marketing agencies,1,4251,13.4,0,zero clicks
msp marketing content,1,428,25.8,0,zero clicks
msp marketing firm,1,4748,9.6,0,zero clicks
msp roi,1,97,16.8,0,gone
msp site,1,470,7.3,0,zero clicks
msp website builder,1,237,26.0,0,zero clicks
new home builder marketing,1,1884,31.3,0,zero clicks
number of msps in us,1,154,3.0,0,zero clicks
ohio marketing agencies,1,589,40.0,0,zero clicks
one page marketing plan example,1,1321,16.8,0,zero clicks
outsourced msp marketing,1,267,18.5,0,zero clicks
pci compliance quickbooks online,1,26,16.9,0,zero clicks
popular keywords,1,1,6,0,gone
quickbooks pci compliance email,1,372,7.9,0,zero clicks
request for proposal for website design and development,1,1,169,0,gone
script brand,1,2,4,0,zero clicks
search everywhere optimisation,1,1099,28.1,0,zero clicks
seo agency cincinnati,1,39,84.3,0,zero clicks
small marketing companies,1,540,44.2,0,zero clicks
social media agency,1,1,18,0,zero clicks
social media management companies,1,3,5,0,zero clicks
social media marketing cincinnati ohio,1,270,42.5,0,zero clicks
story brand 2.0,1,11,2.6,0,zero clicks
story brand agency,1,705,10.8,0,zero clicks
story brand framework,1,1497,21.5,0,zero clicks
story branding examples,1,7,10.7,0,zero clicks
storybrand 2.0,1,25,5.2,0,zero clicks
storybrand 7 framework,1,113,24.2,0,zero clicks
storybrand 7 steps,1,133,6.4,0,zero clicks
storybrand blog,1,197,23.7,0,zero clicks
storybrand book,1,43,32,0,zero clicks
storybrand brand script,1,229,27.6,0,zero clicks
storybrand certified agencies,1,811,10.7,0,zero clicks
storybrand certified guide cost,1,527,30.4,0,zero clicks
storybrand consultants,1,283,31.2,0,zero clicks
storybrand framework pdf,1,85,35.9,0,zero clicks
storybrand guide certification,1,65,24.3,0,zero clicks
storybrand landing page template,1,545,20.3,0,zero clicks
storybrand marketing strategy,1,963,14.1,0,zero clicks
storybrand mission statement,1,309,12.1,0,zero clicks
storybrand one-liner examples,1,434,16.0,0,zero clicks
storybrand resources,1,113,11.5,0,gone
storybrand sb7 framework,1,101,36.0,0,zero clicks
storybrand templates,1,630,23.8,0,zero clicks
storybrand web designer,1,1518,14.7,0,zero clicks
the storybrand framework,1,566,19.3,0,zero clicks
they ask you answer,1,727,34.8,0,zero clicks
top digital marketing companies,1,13,69.6,0,zero clicks
web design companies near me,1,1,21,0,gone
web msp,1,40,15.4,0,zero clicks
what is a brand script,1,18,4.9,0,gone
what is a hook in social media,1,45,8.6,0,zero clicks
what is it marketing,1,207,4.7,0,zero clicks
what is search everywhere optimization,1,79,10.4,0,zero clicks
what is storybrand,1,781,49.0,0,zero clicks
what is the storybrand framework,1,809,18.5,0,zero clicks
what makes a social media post effective,1,28,8.8,0,gone
zero views on youtube,1,1,1,0,gone
