angle,type,text
Governance,headline,Secure Enterprise AI Access
Governance,headline,Govern Your MCP Infrastructure
Governance,headline,Nexla for Enterprise MCP
Governance,headline,Control What Agents Can Access
Governance,headline,Connect Your Enterprise Data
Governance,headline,Request a Nexla Demo
Governance,description,Give AI agents governed access to enterprise data. Explore Nexla in a demo.
Governance,description,Scope agent access with built-in controls and audit logging. See how Nexla works.
Consolidation,headline,One MCP Layer Across Systems
Consolidation,headline,Too Many MCP Servers?
Consolidation,headline,Unify Your Agent Data Access
Consolidation,headline,Build With Nexla MCP Studio
Consolidation,headline,MCP Studio Early Access
Consolidation,headline,See Nexla in Action
Consolidation,description,Connect enterprise systems through one governed MCP layer. Request a Nexla demo.
Consolidation,description,Describe your use case and explore scoped MCP tools. Ask about Studio early access.
