Keyword,Position,Previous position,Search Volume,Keyword Difficulty,CPC,URL,Traffic,Traffic (%),Traffic Cost,Competition,Number of Results,Trends,Timestamp,SERP Features by Keyword,Keyword Intents,Position Type
stoneyard masonry suisun city,34,34,40,26,4.88,https://onsiteconcretelandscape.com/locations/landscaping-services/suisun-city-ca/,0,0,0.00,0.22,106,"14, 14, 14, 14, 14, 14, 14, 14, 14, 14, 78, 100",2026-08-18,"Knowledge panel, Sitelinks, Reviews, Video, Related searches",navigational,Organic
stoneyard masonry suisun city,50,50,40,26,4.88,https://onsiteconcretelandscape.com/locations/concrete-services/suisun-city-ca/,0,0,0.00,0.22,106,"14, 14, 14, 14, 14, 14, 14, 14, 14, 14, 78, 100",2026-08-18,"Knowledge panel, Sitelinks, Reviews, Video, Related searches",navigational,Organic
landscaping fairfield ca,35,35,110,13,8.14,https://onsiteconcretelandscape.com/locations/landscaping-services/fairfield-ca/,0,0,0.00,0.81,118,"81, 28, 28, 28, 34, 65, 34, 21, 21, 43, 34, 28",2026-08-11,"Local pack, Sitelinks, Reviews, Video, People also ask, Related searches",commercial,Organic
castle and king vacaville,30,30,90,27,6.90,https://onsiteconcretelandscape.com/,0,0,0.00,0.15,107,"78, 64, 64, 50, 64, 78, 35, 35, 50, 78, 50, 50",2026-08-12,"Knowledge panel, Sitelinks, Reviews, Video, People also ask, Related searches",navigational,Organic
dixon landscaping,28,28,110,4,2.38,https://onsiteconcretelandscape.com/locations/landscaping-services/dixon-ca/,0,0,0.00,0.16,110,"80, 53, 53, 34, 42, 26, 19, 11, 15, 15, 53, 80",2026-07-30,"Local pack, Sitelinks, Reviews, Video, Related searches",commercial,Organic
concrete repair in vacaville,14,14,40,14,0.00,https://onsiteconcretelandscape.com/,0,0,0.00,0,97,"0, 33, 33, 33, 33, 33, 100, 100, 33, 22, 44, 33",2026-08-17,"Local pack, Sitelinks, Reviews, People also ask, Related searches",commercial,Organic
concrete repair in vacaville,31,31,40,14,0.00,https://onsiteconcretelandscape.com/services/,0,0,0.00,0,97,"0, 33, 33, 33, 33, 33, 100, 100, 33, 22, 44, 33",2026-08-17,"Local pack, Sitelinks, Reviews, People also ask, Related searches",commercial,Organic
concrete repair in vacaville,58,58,40,14,0.00,https://onsiteconcretelandscape.com/locations/concrete-services/,0,0,0.00,0,97,"0, 33, 33, 33, 33, 33, 100, 100, 33, 22, 44, 33",2026-08-17,"Local pack, Sitelinks, Reviews, People also ask, Related searches",commercial,Organic
mike davis concrete,44,44,40,24,0.00,https://onsiteconcretelandscape.com/locations/concrete-services/davis-ca/,0,0,0.00,0.19,135,"100, 100, 18, 18, 18, 18, 18, 18, 18, 18, 18, 18",2026-07-28,"Knowledge panel, Reviews, Video, People also ask, AI overview",informational,Organic
concrete and landscaping companies near me,30,30,70,25,7.75,https://onsiteconcretelandscape.com/locations/landscaping-services/fairfield-ca/,0,0,0.00,0.93,151,"18, 100, 81, 100, 36, 45, 45, 45, 36, 100, 100, 18",2026-08-20,"Local pack, Reviews, Video, People also ask, Related searches",transactional,Organic
castle & king vacaville,33,33,70,27,6.90,https://onsiteconcretelandscape.com/,0,0,0.00,0.15,109,"100, 36, 45, 63, 63, 81, 45, 45, 63, 100, 63, 63",2026-08-27,"Knowledge panel, Sitelinks, Reviews, Video, People also ask, Related searches",navigational,Organic
landscaping davis,27,27,70,38,2.53,https://onsiteconcretelandscape.com/locations/landscaping-services/davis-ca/,0,0,0.00,0.18,120,"1, 0, 0, 1, 5, 0, 1, 11, 1, 0, 0, 100",2026-07-27,"Local pack, Sitelinks, Reviews, Video, Related searches",commercial,Organic
brickyard building materials vacaville,39,39,70,25,0.00,https://onsiteconcretelandscape.com/,0,0,0.00,0.03,104,"80, 66, 66, 80, 42, 0, 42, 9, 52, 0, 0, 0",2026-07-22,"Knowledge panel, Sitelinks, Reviews, Video, Related searches",informational,Organic
brickyard building materials vacaville,49,49,70,25,0.00,https://onsiteconcretelandscape.com/,0,0,0.00,0.03,104,"80, 66, 66, 80, 42, 0, 42, 9, 52, 0, 0, 0",2026-07-22,"Knowledge panel, Sitelinks, Reviews, Video, Related searches",informational,Organic
justin's professional landscaping,36,36,30,20,4.09,https://onsiteconcretelandscape.com/locations/landscaping-services/fairfield-ca/,0,0,0.00,0.33,102,"14, 14, 14, 14, 14, 0, 100, 14, 14, 14, 14, 14",2026-08-18,"Knowledge panel, Reviews, People also ask, Related searches","informational, transactional",Organic
dixon landscape,22,22,210,19,2.31,https://onsiteconcretelandscape.com/locations/landscaping-services/dixon-ca/,0,0,0.00,0.12,111,"66, 44, 44, 35, 44, 28, 18, 15, 18, 28, 44, 44",2026-08-19,"Knowledge panel, Sitelinks, Reviews, Video, People also ask, Related searches",navigational,Organic
on site concrete solutions,19,19,90,9,3.42,https://onsiteconcretelandscape.com/locations/concrete-services/vacaville-ca/,0,0,0.00,0.09,107,"53, 53, 53, 42, 34, 0, 42, 0, 100, 3, 3, 0",2026-07-29,"Knowledge panel, Reviews, Video, People also ask, Related searches",informational,Organic
brickyard building materials vacaville ca,33,33,70,24,5.00,https://onsiteconcretelandscape.com/locations/concrete-services/vacaville-ca/,0,0,0.00,0.05,115,"42, 34, 26, 42, 53, 19, 19, 26, 19, 26, 19, 19",2026-08-12,"Knowledge panel, Reviews, Video, People also ask, Related searches","informational, transactional",Organic
brickyard building materials vacaville ca,63,63,70,24,5.00,https://onsiteconcretelandscape.com/,0,0,0.00,0.05,115,"42, 34, 26, 42, 53, 19, 19, 26, 19, 26, 19, 19",2026-08-12,"Knowledge panel, Reviews, Video, People also ask, Related searches","informational, transactional",Organic
contractors vacaville ca,38,38,30,27,7.30,https://onsiteconcretelandscape.com/,0,0,0.00,0.98,113,"18, 81, 9, 0, 18, 0, 0, 0, 0, 100, 0, 18",2026-08-02,"Local pack, Sitelinks, Reviews, People also ask, Related searches",commercial,Organic
onsite concrete,17,17,110,15,3.99,https://onsiteconcretelandscape.com/,0,0,0.00,0.4,147,"53, 42, 65, 34, 65, 34, 65, 34, 34, 42, 34, 26",2026-08-29,"Local pack, Reviews, Video, Image, People also ask, Related searches, Discussions and forums",commercial,Organic
onsite concrete,62,62,110,15,3.99,https://onsiteconcretelandscape.com/locations/concrete-services/napa-ca/,0,0,0.00,0.4,147,"53, 42, 65, 34, 65, 34, 65, 34, 34, 42, 34, 26",2026-08-29,"Local pack, Reviews, Video, Image, People also ask, Related searches, Discussions and forums",commercial,Organic
ideal landscape and concrete,58,58,90,28,4.56,https://onsiteconcretelandscape.com/locations/landscaping-services/fairfield-ca/,0,0,0.00,0.08,111,"52, 52, 52, 41, 52, 41, 29, 41, 41, 41, 64, 41",2026-08-20,"Knowledge panel, Sitelinks, Reviews, Related searches",navigational,Organic
asphalt contractors in vacaville,58,0,40,10,0.00,https://onsiteconcretelandscape.com/,0,0,0.00,0,100,"0, 27, 27, 27, 36, 45, 100, 100, 36, 27, 27, 27",2026-09-07,"Local pack, Reviews, People also ask, Related searches",commercial,Organic
asphalt contractors in vacaville,61,0,40,10,0.00,https://onsiteconcretelandscape.com/,0,0,0.00,0,100,"0, 27, 27, 27, 36, 45, 100, 100, 36, 27, 27, 27",2026-09-07,"Local pack, Reviews, People also ask, Related searches",commercial,Organic
landscaping dixon ca,21,21,170,14,2.31,https://onsiteconcretelandscape.com/locations/landscaping-services/dixon-ca/,0,0,0.00,0.12,107,"53, 53, 34, 43, 53, 43, 34, 34, 34, 81, 100, 81",2026-08-27,"Local pack, Reviews, Video, Related searches",transactional,Organic
davis concrete,40,40,590,37,4.12,https://onsiteconcretelandscape.com/locations/concrete-services/davis-ca/,0,0,0.00,0.22,140,"67, 81, 67, 54, 67, 54, 44, 54, 81, 81, 67, 54",2026-08-02,"Local pack, Sitelinks, Reviews, Video, Related searches",commercial,Organic
landscaping vacaville,29,29,50,7,7.37,https://onsiteconcretelandscape.com/locations/landscaping-services/vacaville-ca/,0,0,0.00,0.95,111,"19, 23, 33, 33, 23, 19, 42, 9, 4, 42, 14, 42",2026-08-25,"Local pack, Reviews, Video, People also ask, Related searches",commercial,Organic
asphalt companies in vacaville,59,59,50,10,0.00,https://onsiteconcretelandscape.com/,0,0,0.00,0,97,"0, 27, 27, 27, 36, 45, 100, 100, 45, 27, 27, 27",2026-09-05,"Local pack, Reviews, People also ask, Related searches",commercial,Organic
castle king vacaville,39,39,70,27,6.90,https://onsiteconcretelandscape.com/,0,0,0.00,0.15,109,"42, 33, 33, 33, 42, 42, 23, 23, 33, 52, 33, 33",2026-08-27,"Knowledge panel, Sitelinks, Reviews, Video, People also ask, Related searches",navigational,Organic
brickyard vacaville ca,46,46,110,31,5.00,https://onsiteconcretelandscape.com/,0,0,0.00,0.05,108,"53, 42, 53, 53, 53, 34, 26, 34, 26, 42, 42, 65",2026-09-02,"Knowledge panel, Reviews, Video, People also ask, Related searches","informational, transactional",Organic
onsite landscape,16,16,210,26,2.10,https://onsiteconcretelandscape.com/locations/landscaping-services/,0,0,0.00,0.18,144,"44, 44, 35, 28, 28, 18, 11, 15, 23, 100, 81, 44",2026-09-03,"Local pack, Sitelinks, Reviews, Video, People also ask, Related searches",navigational,Organic
on site landscape,21,21,50,17,2.10,https://onsiteconcretelandscape.com/locations/landscaping-services/,0,0,0.00,0.18,123,"6, 6, 6, 6, 3, 5, 3, 6, 0, 8, 11, 35",2026-08-10,"Local pack, Sitelinks, Reviews, Video, Video Carousel, Related searches",navigational,Organic
landscapers in vacaville ca,28,28,30,18,6.03,https://onsiteconcretelandscape.com/locations/landscaping-services/vacaville-ca/,0,0,0.00,0.96,111,"12, 10, 17, 5, 7, 0, 5, 5, 7, 5, 10, 5",2026-07-24,"Local pack, Reviews, Video, People also ask, Related searches",commercial,Organic
vacaville landscaping,26,26,70,7,7.37,https://onsiteconcretelandscape.com/locations/landscaping-services/vacaville-ca/,0,0,0.00,0.95,111,"34, 28, 28, 28, 34, 6, 21, 9, 15, 21, 15, 34",2026-08-31,"Local pack, Sitelinks, Reviews, Video, People also ask, Related searches",commercial,Organic
brickyard building materials - vacaville,55,55,110,25,0.00,https://onsiteconcretelandscape.com/,0,0,0.00,0.03,107,"0, 0, 0, 0, 35, 0, 23, 0, 23, 54, 35, 35",2026-08-15,"Knowledge panel, Reviews, Video, People also ask, Related searches","informational, transactional",Organic
landscaping vacaville ca,21,21,40,6,7.37,https://onsiteconcretelandscape.com/,0,0,0.00,0.95,108,"45, 36, 45, 18, 18, 18, 45, 36, 18, 45, 18, 81",2026-09-01,"Local pack, Reviews, Video, People also ask, Related searches",commercial,Organic
landscaping vacaville ca,40,40,40,6,7.37,https://onsiteconcretelandscape.com/locations/landscaping-services/vacaville-ca/,0,0,0.00,0.95,108,"45, 36, 45, 18, 18, 18, 45, 36, 18, 45, 18, 81",2026-09-01,"Local pack, Reviews, Video, People also ask, Related searches",commercial,Organic
dixon landscape materials dixon ca,17,17,320,26,1.60,https://onsiteconcretelandscape.com/locations/landscaping-services/dixon-ca/,0,0,0.00,0.08,132,"81, 54, 66, 66, 43, 81, 54, 35, 43, 43, 100, 81",2026-07-26,"Knowledge panel, Sitelinks, Reviews, Video, People also ask, Related searches",navigational,Organic
fairfield ca landscaping,35,35,70,19,8.14,https://onsiteconcretelandscape.com/locations/landscaping-services/fairfield-ca/,0,0,0.00,0.81,116,"0, 50, 64, 78, 21, 35, 50, 50, 50, 35, 100, 21",2026-08-07,"Local pack, Sitelinks, Reviews, Video, Related searches",commercial,Organic
castle and king vacaville ca,35,35,70,26,6.90,https://onsiteconcretelandscape.com/,0,0,0.00,0.15,108,"81, 36, 45, 63, 63, 81, 45, 45, 63, 100, 63, 63",2026-08-20,"Knowledge panel, Sitelinks, Reviews, Video, People also ask, Related searches",navigational,Organic
