Business Name,Contact Name,Email,Phone,Industry,City,State,Website,Role Type,Email Type,Source URL,Accessed,Outreach Status
Superb Maids,,help@superbmaids.net,,Cleaning,Las Vegas,NV,https://superbmaids.net,Company mailbox,Company domain,https://superbmaids.net,2026-09-17,Not sent
Blueprint Electric LLC,,bpelectricdenver@gmail.com,,Electrical,Denver,CO,https://bpedenver.com,Company mailbox,Free mailbox,https://bpedenver.com,2026-09-17,Not sent
JCL Electric Inc,,jclelectric5280@gmail.com,,Electrical,Aurora,CO,https://jclelectric5280.com,Company mailbox,Free mailbox,https://jclelectric5280.com,2026-09-17,Not sent
Lukas Electric,,contact@lukaselectric.com,,Electrical,Golden,CO,https://lukaselectric.com,Company mailbox,Company domain,https://lukaselectric.com,2026-09-17,Not sent
Piper Electric,,info@piperelectric.com,,Electrical,Arvada,CO,https://piperelectric.com,Company mailbox,Company domain,https://piperelectric.com,2026-09-17,Not sent
Primary Electrical Services,,info@primaryelectricalusa.com,,Electrical,Denver,CO,https://primaryelectricalusa.com,Company mailbox,Company domain,https://primaryelectricalusa.com/contact,2026-09-17,Not sent
Rise Above Electric,,info@riseaboveelectric.com,,Electrical,Denver,CO,https://riseaboveelectric.com,Company mailbox,Company domain,https://riseaboveelectric.com,2026-09-17,Not sent
Contour Fence,,sales@contourfence.com,,Fencing,Kirkland,WA,https://contourfence.com,Company mailbox,Company domain,https://contourfence.com,2026-09-17,Not sent
Ace Fence and Deck LLC,,sales@fenceinstall.com,,Fencing,Lancaster,OH,https://fenceinstall.com,Company mailbox,Company domain,https://fenceinstall.com,2026-09-17,Not sent
Forged Fence and Deck,,info@forgedfencecompany.com,,Fencing,Pearland,TX,https://forgedfencecompany.com,Company mailbox,Company domain,https://forgedfencecompany.com,2026-09-17,Not sent
Franklin Fence and Deck,,franklinfence@yahoo.com,,Fencing,Franklin,TN,https://franklinfenceanddeck.com,Company mailbox,Free mailbox,https://franklinfenceanddeck.com/contact/,2026-09-17,Not sent
Optima Fence and Deck,,info@optimafenceanddeck.com,,Fencing,Mercer Island,WA,https://optimafenceanddeck.com,Company mailbox,Company domain,https://optimafenceanddeck.com,2026-09-17,Not sent
Pro Fence Deck,,ukr555@comcast.net,,Fencing,Newtown,PA,https://profencedeck.com,Named contact,Free mailbox,https://profencedeck.com,2026-09-17,Not sent
Pro Fence Deck,,info@profencedeck.com,,Fencing,Newtown,PA,https://profencedeck.com,Company mailbox,Company domain,https://profencedeck.com,2026-09-17,Not sent
Master Schenectady Deck and Fence,,quotes@schenectadydeckandfence.com,,Fencing,Schenectady,NY,https://schenectadydeckandfence.com,Company mailbox,Company domain,https://schenectadydeckandfence.com,2026-09-17,Not sent
American Garage Door Repair and Installation,,americangaragedoor2031@gmail.com,,Garage Door,Connecticut,CT,https://americangaragedoorandrepair.com,Company mailbox,Free mailbox,https://americangaragedoorandrepair.com,2026-09-17,Not sent
American Garage Door Repair and Installation,,info@americangaragedoorandrepair.com,,Garage Door,Connecticut,CT,https://americangaragedoorandrepair.com,Company mailbox,Company domain,https://americangaragedoorandrepair.com,2026-09-17,Not sent
American Pro Garage Doors,,contact@americanprogaragedoor.com,,Garage Door,Cary,NC,https://americanprogaragedoors.com,Company mailbox,Company domain,https://americanprogaragedoors.com,2026-09-17,Not sent
Generational Garage Doors,,dustin@gengaragedoors.com,,Garage Door,Martinez,CA,https://gengaragedoors.com,Named contact,Company domain,https://gengaragedoors.com,2026-09-17,Not sent
Metro Garage Doors,,service@metrogaragedoorsinc.com,,Garage Door,Douglasville,GA,https://metrogaragedoorsinc.com,Company mailbox,Company domain,https://metrogaragedoorsinc.com,2026-09-17,Not sent
Metro Garage Doors,,hello@metrogaragedoorsinc.com,,Garage Door,Douglasville,GA,https://metrogaragedoorsinc.com,Company mailbox,Company domain,https://metrogaragedoorsinc.com/contact,2026-09-17,Not sent
MF Garage Door,,info@mfgaragedoors.com,,Garage Door,Sebring,FL,https://mfgaragedoors.com,Company mailbox,Company domain,https://mfgaragedoors.com,2026-09-17,Not sent
MF Garage Door,,support@mfgaragedoors.com,,Garage Door,Sebring,FL,https://mfgaragedoors.com,Company mailbox,Company domain,https://mfgaragedoors.com,2026-09-17,Not sent
Bradbury Garage Doors,,bradburyoverheaddoors@gmail.com,,Garage Door,Vista,CA,https://sandiegogarageservice.com,Company mailbox,Free mailbox,https://sandiegogarageservice.com,2026-09-17,Not sent
YBM Garage Doors,,info@ybmgaragedoors.com,,Garage Door,United States,US,https://ybmgaragedoors.com,Company mailbox,Company domain,https://ybmgaragedoors.com,2026-09-17,Not sent
ACE Home Services,,info@acehomeaz.com,,HVAC,Phoenix,AZ,https://acehomeaz.com,Company mailbox,Company domain,https://acehomeaz.com,2026-09-17,Not sent
Aire Geeks Inc,,info@airegeeks.com,,HVAC,Round Rock,TX,https://airegeeks.com,Company mailbox,Company domain,https://airegeeks.com/contact,2026-09-17,Not sent
Air Tech of Houston,,service@airtechofhouston.com,,HVAC,Houston,TX,https://airtechofhouston.com,Company mailbox,Company domain,https://airtechofhouston.com,2026-09-17,Not sent
Distinctive Heating and Cooling,,nsmallman@distinctivehvac.com,,HVAC,Indianapolis,IN,https://distinctivehvac.com,Named contact,Company domain,https://distinctivehvac.com,2026-09-17,Not sent
Ernsperger Air Conditioning and Heating,,ernspergerhvac@yahoo.com,,HVAC,South Bend,IN,https://ernspergerhvac.com,Company mailbox,Free mailbox,https://ernspergerhvac.com/contact,2026-09-17,Not sent
The Geiler Company,,info@geiler.com,,HVAC,Cincinnati,OH,https://geiler.com,Company mailbox,Company domain,http://geiler.com/contact-us,2026-09-17,Not sent
The Geiler Company,,erics@geiler.com,,HVAC,Cincinnati,OH,https://geiler.com,Named contact,Company domain,http://geiler.com/contact-us,2026-09-17,Not sent
The Geiler Company,,tschwarz@geiler.com,,HVAC,Cincinnati,OH,https://geiler.com,Named contact,Company domain,http://geiler.com/contact-us,2026-09-17,Not sent
John Moore Services,,service@johnmooreservices.com,,HVAC,Houston,TX,https://johnmooreservices.com,Company mailbox,Company domain,https://johnmooreservices.com,2026-09-17,Not sent
Legacy Heating Cooling Plumbing and Electrical,,info@legacyheatingandairinc.com,,HVAC,Elkhart,IN,https://legacyheatingandairinc.com,Company mailbox,Company domain,https://legacyheatingandairinc.com,2026-09-17,Not sent
Level One HVAC Services,,info@levelonehvac.com,,HVAC,New Hudson,MI,https://levelonehvac.com,Company mailbox,Company domain,https://levelonehvac.com,2026-09-17,Not sent
Masters Heating and Cooling,,info@mastersheatcool.com,,HVAC,Fort Wayne,IN,https://mastersheatcool.com,Company mailbox,Company domain,https://mastersheatcool.com,2026-09-17,Not sent
Miller Industries Representatives,,info@mirhvac.com,,HVAC,Fenton,MI,https://mirhvac.com,Company mailbox,Company domain,https://mirhvac.com/contact,2026-09-17,Not sent
Riviance HVAC,,info@riviancehvac.com,,HVAC,Ann Arbor,MI,https://riviancehvac.com,Company mailbox,Company domain,https://riviancehvac.com,2026-09-17,Not sent
Sines Heating and Cooling,,info@sineshvac.com,,HVAC,Indianapolis,IN,https://sineshvac.com,Company mailbox,Company domain,https://sineshvac.com,2026-09-17,Not sent
Alex Landscaping LLC,,alexgonzalez1@hotmail.com,,Landscaping,Vienna,VA,https://alex-landscapingllc.com,Named contact,Free mailbox,https://alex-landscapingllc.com,2026-09-17,Not sent
Barker Brothers Landscaping,,office@barkerbrotherslandscape.com,,Landscaping,Mint Hill,NC,https://barkerbrotherslandscape.com,Company mailbox,Company domain,https://barkerbrotherslandscape.com,2026-09-17,Not sent
Carolina Metro Landscape,,estimating@yourcml.com,,Landscaping,Charlotte,NC,https://carolinametrolandscape.com,Company mailbox,Company domain,https://carolinametrolandscape.com,2026-09-17,Not sent
Hortus Lawn Care,,angel.garcia@hortuslawncare.com,,Landscaping,Charlotte,NC,https://hortuslawncare.com,Named contact,Company domain,https://hortuslawncare.com,2026-09-17,Not sent
Julios Landscaping Services,,berriosmoreno@icloud.com,,Landscaping,Fairfax,VA,https://julioslandscapingservices.com,Named contact,Free mailbox,https://julioslandscapingservices.com,2026-09-17,Not sent
Morrow Ridge,,info@morrowridge.com,,Landscaping,Charlotte,NC,https://morrowridge.com,Company mailbox,Company domain,https://morrowridge.com,2026-09-17,Not sent
Patriot Lawn and Landscape,,info@patriotlawnandlandscape.com,,Landscaping,Bristow,VA,https://patriotlawnandlandscape.com,Company mailbox,Company domain,https://patriotlawnandlandscape.com/contact,2026-09-17,Not sent
Perez Landscaping and Hardscaping,,perezlandscapingva@gmail.com,,Landscaping,Northern Virginia,VA,https://perezlandscapingnova.com,Company mailbox,Free mailbox,https://perezlandscapingnova.com,2026-09-17,Not sent
Recinos Landscaping,,recinoslandscape@yahoo.com,,Landscaping,Annapolis,MD,https://recinoslandscape.com,Company mailbox,Free mailbox,https://recinoslandscape.com,2026-09-17,Not sent
Signature Lawn and Landscape,,signaturelandscapeclt@gmail.com,,Landscaping,Charlotte,NC,https://signaturelawnandlandscape.com,Company mailbox,Free mailbox,https://signaturelawnandlandscape.com,2026-09-17,Not sent
Stepping Stone Landscaping,,info@steppingstoneva.com,,Landscaping,Rockville,VA,https://steppingstoneva.com,Company mailbox,Company domain,https://steppingstoneva.com,2026-09-17,Not sent
Stewart's Lawn and Landscaping Inc,,stewartslandscaping@gmail.com,,Landscaping,Charlotte,NC,https://stewartslawnandlandscaping.com,Company mailbox,Free mailbox,https://stewartslawnandlandscaping.com/contact,2026-09-17,Not sent
The Loving Companies,,marketing@thelovingcompanies.com,,Landscaping,Charlotte,NC,https://thelovingcompanies.com,Named contact,Company domain,https://thelovingcompanies.com,2026-09-17,Not sent
The Loving Companies,,inquiries@thelovingcompanies.com,,Landscaping,Charlotte,NC,https://thelovingcompanies.com,Company mailbox,Company domain,https://thelovingcompanies.com,2026-09-17,Not sent
Vazquez Landscaping and Tree Services LLC,,ervinvazquez9@gmail.com,,Landscaping,Ruckersville,VA,https://vazquezlandscapingtreeservices.com,Company mailbox,Free mailbox,https://vazquezlandscapingtreeservices.com,2026-09-17,Not sent
Exceed Pest Control,,service@exceedpestcontrolinc.com,,Pest Control,Tampa,FL,https://exceedpestcontrolinc.com,Company mailbox,Company domain,https://exceedpestcontrolinc.com,2026-09-17,Not sent
Golden Rule Termite and Pest Solutions,,info@goldenrulepest.com,,Pest Control,Ruskin,FL,https://goldenrulepest.com,Company mailbox,Company domain,https://goldenrulepest.com/contact-us,2026-09-17,Not sent
Orlando Pest Experts,,wyatt@orlandopestexperts.com,,Pest Control,Orlando,FL,https://orlandopestexperts.com,Named contact,Company domain,https://orlandopestexperts.com,2026-09-17,Not sent
Pest Pro LLC,,info@pestprollc.com,,Pest Control,Orlando,FL,https://pestprollc.com,Company mailbox,Company domain,https://pestprollc.com,2026-09-17,Not sent
Prodigy Pest Solutions,,support@prodigypest.com,,Pest Control,Tampa,FL,https://prodigypest.com,Company mailbox,Company domain,https://prodigypest.com,2026-09-17,Not sent
480 Plumbing LLC,,480plumbing@gmail.com,,Plumbing,Apache Junction,AZ,https://480plumbingaz.com,Company mailbox,Free mailbox,https://480plumbingaz.com,2026-09-17,Not sent
Absolute Plumbing and Heating,,absoluteplumbingandheatingnj@gmail.com,,Plumbing,Essex County,NJ,https://absoluteplumbingandheating.com,Company mailbox,Free mailbox,https://absoluteplumbingandheating.com,2026-09-17,Not sent
Empire Plumbing and Air Conditioning,,info@empireplumbingac.com,,Plumbing,Phoenix,AZ,https://empireplumbingac.com,Company mailbox,Company domain,https://empireplumbingac.com,2026-09-17,Not sent
Fazzaro Plumbing and Heating,,info@fazzaroplumbing.com,,Plumbing,Jackson,NJ,https://fazzaroplumbing.com,Company mailbox,Company domain,https://fazzaroplumbing.com,2026-09-17,Not sent
Jersey Plumbing,,info@jerseyplumbing.com,,Plumbing,Hillsborough,NJ,https://jerseyplumbing.com,Company mailbox,Company domain,https://jerseyplumbing.com,2026-09-17,Not sent
MacKenzie Plumbing Inc,,kmackenzieplumbing@gmail.com,,Plumbing,Wood-Ridge,NJ,https://mackenzieplumbingnj.com,Company mailbox,Free mailbox,https://mackenzieplumbingnj.com,2026-09-17,Not sent
Majewski Plumbing,,frank@majewskiplumbing.com,,Plumbing,Villas,NJ,https://majewskiplumbing.com,Named contact,Company domain,https://majewskiplumbing.com,2026-09-17,Not sent
Phoenix Plumbing Co,,phoenixazplumbing@gmail.com,,Plumbing,Phoenix,AZ,https://phoenixplumbing.co,Company mailbox,Free mailbox,https://phoenixplumbing.co,2026-09-17,Not sent
Bleuwave Plumbing,,info@plumberphx.com,,Plumbing,Scottsdale,AZ,https://plumberphx.com,Company mailbox,Company domain,https://plumberphx.com,2026-09-17,Not sent
Pruitt's Plumbing,,info@pruittsplumbingllc.com,,Plumbing,Phoenix,AZ,https://pruittsplumbingllc.com,Company mailbox,Company domain,https://pruittsplumbingllc.com,2026-09-17,Not sent
Pruzansky Plumbing,,info@pruzansky.com,,Plumbing,Passaic,NJ,https://pruzansky.com,Company mailbox,Company domain,https://pruzansky.com,2026-09-17,Not sent
PSI Plumbing Inc,,info@psiplumbing.com,,Plumbing,Fairfield,NJ,https://psiplumbing.com,Company mailbox,Company domain,https://psiplumbing.com/contact,2026-09-17,Not sent
PSI Plumbing Inc,,estimating@psiplumbing.com,,Plumbing,Fairfield,NJ,https://psiplumbing.com,Company mailbox,Company domain,https://psiplumbing.com/contact,2026-09-17,Not sent
PSI Plumbing Inc,,service@psiplumbing.com,,Plumbing,Fairfield,NJ,https://psiplumbing.com,Company mailbox,Company domain,https://psiplumbing.com/contact,2026-09-17,Not sent
Rich's Plumbing Heating and Air Conditioning,,cs@richsplumbing.com,,Plumbing,East Brunswick,NJ,https://richsplumbingonline.com,Named contact,Company domain,https://richsplumbingonline.com,2026-09-17,Not sent
Simon's Plumbing,,simon@simonsplumbingaz.com,,Plumbing,Phoenix,AZ,https://simonsplumbingaz.com,Named contact,Company domain,https://simonsplumbingaz.com,2026-09-17,Not sent
Sloan's Plumbing,,info@sloansplumbing.com,,Plumbing,Philadelphia,PA,https://sloansplumbing.com,Company mailbox,Company domain,https://sloansplumbing.com,2026-09-17,Not sent
Totally Plumbing,,inquiries@thebasiccompanies.com,,Plumbing,Manalapan,NJ,https://totallyplumbingnj.com,Company mailbox,Company domain,https://totallyplumbingnj.com,2026-09-17,Not sent
TNR Chicago,,illinoistnr@gmail.com,,Restoration,Wood Dale,IL,https://4tnr.com,Company mailbox,Free mailbox,https://4tnr.com,2026-09-17,Not sent
Farez Finish Restoration,,farezfinish@gmail.com,,Restoration,Chicago,IL,https://farezfinishrestoration.com,Company mailbox,Free mailbox,https://farezfinishrestoration.com,2026-09-17,Not sent
HydroForce Cleaning and Restoration,,joepacella@hydroforcecorp.com,,Restoration,Bridgeview,IL,https://hydroforcecleaningsystems.com,Named contact,Company domain,https://hydroforcecleaningsystems.com/contact,2026-09-17,Not sent
Independent Restoration Services,,contact@irs-247.com,,Restoration,Chicago,IL,https://irs-247.com,Company mailbox,Company domain,https://irs-247.com,2026-09-17,Not sent
Parkside Restoration,,daryls@parksiderestoration.com,,Restoration,Bolingbrook,IL,https://parksiderestoration.com,Named contact,Company domain,https://parksiderestoration.com,2026-09-17,Not sent
Parkside Restoration,,joer@parksiderestoration.com,,Restoration,Bolingbrook,IL,https://parksiderestoration.com,Named contact,Company domain,https://parksiderestoration.com,2026-09-17,Not sent
Parkside Restoration,,hopel@parksiderestoration.com,,Restoration,Bolingbrook,IL,https://parksiderestoration.com,Named contact,Company domain,https://parksiderestoration.com,2026-09-17,Not sent
Redefined Restoration,,office@redefinedresto.com,,Restoration,Chicago,IL,https://redefinedresto.com,Company mailbox,Company domain,https://redefinedresto.com/contact,2026-09-17,Not sent
Romexterra Restoration,,dispatch@romexterra.com,,Restoration,Addison,IL,https://romexterra.com,Company mailbox,Company domain,https://romexterra.com,2026-09-17,Not sent
Soluna Restoration,,info@solunarestoration.com,,Restoration,Stone Park,IL,https://solunarestoration.com,Company mailbox,Company domain,https://solunarestoration.com,2026-09-17,Not sent
DOM Roofing and Restoration,,info@domroofing.com,,Roofing,Sugar Hill,GA,https://domroofing.com,Company mailbox,Company domain,https://domroofing.com,2026-09-17,Not sent
ECG Contractors,,bpalomino@ecgcontractors.us,,Roofing,Norcross,GA,https://ecgcontractors.us,Named contact,Company domain,https://ecgcontractors.us,2026-09-17,Not sent
ECG Contractors,,administration@ecgcontractors.us,,Roofing,Norcross,GA,https://ecgcontractors.us,Named contact,Company domain,https://ecgcontractors.us,2026-09-17,Not sent
ECG Contractors,,dbuitrago@ecgcontractors.us,,Roofing,Norcross,GA,https://ecgcontractors.us,Named contact,Company domain,https://ecgcontractors.us,2026-09-17,Not sent
Infinite Roofing,,inquiries@infiniteroofinggcllc.com,,Roofing,Plano,TX,https://infiniteroofing.com,Company mailbox,Company domain,https://infiniteroofing.com,2026-09-17,Not sent
Infinite Roofing,,info@infiniteroofinggcllc.com,,Roofing,Plano,TX,https://infiniteroofing.com,Company mailbox,Company domain,https://infiniteroofing.com,2026-09-17,Not sent
MJ Roofing and Home Improvements,,info@mjroof.com,,Roofing,Smyrna,GA,https://mjroof.com,Company mailbox,Company domain,https://mjroof.com,2026-09-17,Not sent
Status Roofing LLC,,office@statusroofingllc.com,,Roofing,Frisco,TX,https://statusroofingllc.com,Company mailbox,Company domain,https://statusroofingllc.com,2026-09-17,Not sent
Stellar Roofing and Exteriors,,admin@stellarroofingandexteriors.com,,Roofing,Atlanta,GA,https://stellarroofingandexteriors.com,Company mailbox,Company domain,https://stellarroofingandexteriors.com/contact-us,2026-09-17,Not sent
Stellar Roofing and Exteriors,,admin@stellarroofingandsolar.com,,Roofing,Atlanta,GA,https://stellarroofingandexteriors.com,Company mailbox,Company domain,https://stellarroofingandexteriors.com/contact-us,2026-09-17,Not sent
Top Coats Roofing,,sales@topcoatsroofing.com,,Roofing,Ocilla,GA,https://topcoatsroofing.com,Company mailbox,Company domain,https://topcoatsroofing.com,2026-09-17,Not sent
