query,clicks,impressions,ctr_pct,avg_position
ami cleaning,10,55,18.18,2.5
ami commercial cleaning,7,23,30.43,2.4
ami clean,1,18,5.56,5
cleaning companies in usa,1,2,50.0,1
commercial cleaning pa,1,4,25.0,33.8
medical office cleaning companies near me,1,1,100,4
5 star rated window washing company lewes de,0,1,0,72
a.m.i. services,0,18,0,50.2
affordable commercial cleaning,0,1,0,11
affordable office cleaning,0,1,0,21
aim cleaning,0,3,0,63.3
aim cleaning services,0,1,0,51
aim commercial cleaning,0,9,0,60.3
aims cleaning service,0,3,0,20
amc commercial cleaning,0,1,0,64
amcleaning,0,2,0,81
ame cleaning,0,1,0,45
ame cleaning services,0,1,0,48
american cleaning co,0,1,0,58
american commercial cleaning,0,1,0,68
american industrial cleaning company,0,15,0,75
american seaboard,0,2,0,73
ames commercial cleaning services,0,3,0,57.3
ames janitorial,0,3,0,52.3
ames janitorial services,0,9,0,50.4
amesjanitorialservices com,0,1,0,7
ami,0,27,0,2.8
ami clean service,0,1,0,16
ami commercial,0,1,0,1
ami contracting,0,1,0,93
ami doctors,0,4,0,1
ami facility,0,1,0,58
ami services,0,28,0,35.6
amies quality cleaning,0,1,0,28
ammoniakalische netzmittelwäsche kaufen,0,1,0,51
amy cleaners,0,4,0,40
amy cleaning services,0,2,0,65.5
amy laundry,0,1,0,62
amy's laundry westminster md,0,1,0,67
amycleaning,0,2,0,66.5
amycleaning (online or full or torrent or siterip),0,2,0,38
amys clean team,0,1,0,54
amys cleaners,0,1,0,11
amys cleaning service,0,2,0,7
apartment+common+area+cleaning+plymouth+meeting+pa,0,3,0,96
automated maintenance services inc,0,1,0,75
avon cleaning services,0,1,0,88
bear de hood cleaners,0,25,0,40.7
bear delaware covid-19 disinfection service,0,1,0,46
bear delaware disinfection service,0,8,0,23
bear delaware house cleaning service,0,12,0,34.3
bear delaware laundry service,0,2,0,43.5
bear delaware office cleaning service,0,23,0,50.8
"best commercial cleaning in avon, ma",0,2,0,11
best commercial cleaning services high-traffic headquarters,0,1,0,11
bethany beach commercial cleaning service,0,9,0,56.1
building cleaning delaware,0,5,0,52.2
building cleaning in newark de,0,28,0,19.0
building cleaning in wilmington de,0,7,0,54
building cleaning services,0,1,0,10
building cleaning services in newark de,0,12,0,45.2
building cleaning services in wilmington de,0,8,0,67.2
business cleaning delaware,0,20,0,64
business cleaning in dover de,0,2,0,76
business cleaning in newark de,0,15,0,40.3
business cleaning in wilmington de,0,9,0,70.6
business cleaning services in dover de,0,4,0,76.5
business cleaning services in newark de,0,9,0,54
business cleaning services in wilmington de,0,8,0,73.6
business cleaning services king of prussia pa,0,1,0,68
cafe cleaning delaware,0,2,0,56.5
carpet cleaner millsboro de,0,20,0,40.5
carpet cleaning lewes de,0,2,0,55
carpet cleaning millsboro de,0,9,0,52.9
carpet cleaning rehoboth beach delaware,0,1,0,46
clean office,0,2,0,19.5
cleaners middletown de,0,1,0,43
cleaners newark de,0,2,0,32
cleaning commercial,0,2,0,11
cleaning company newark de,0,6,0,35
cleaning porter service in annapolis,0,1,0,89
cleaning service lewes de,0,1,0,47
cleaning service middletown de,0,2,0,37
cleaning service newark de,0,1,0,35
cleaning services in wilmington de,0,1,0,55
cleaning services lewes de,0,3,0,45
cleaning services middletown de,0,4,0,34.5
cleaning services millsboro de,0,1,0,33
cleaning services new castle de,0,1,0,38
cleaning services newark de,0,1,0,31
cleaning+service+plymouth+meeting+pa,0,1,0,81
commercial bathroom cleaning delaware,0,16,0,54.8
commercial building cleaning maintenance and restoration company wilmington de,0,19,0,25.2
commercial building cleaning services,0,28,0,21.5
commercial building cleaning services wilmington de,0,18,0,37.7
commercial building maintenance company in delaware,0,13,0,72.2
commercial building maintenance delaware,0,20,0,63.5
commercial building maintenance services wilmington de,0,18,0,44.8
commercial carpet cleaning lewes de,0,66,0,53.7
commercial carpet cleaning wilmington de,0,39,0,65.4
commercial cleaners delaware,0,20,0,61.5
commercial cleaners huddersfield,0,2,0,75.5
commercial cleaners near me,0,1,0,1
commercial cleaners newark de,0,23,0,24.1
commercial cleaners wilmington de,0,21,0,47.8
commercial cleanig,0,1,0,8
commercial cleaning,0,95,0,14.7
commercial cleaning and janitorial services bear de,0,1,0,19
commercial cleaning and janitorial services blades de,0,2,0,19.5
commercial cleaning and janitorial services gumboro de,0,6,0,24
commercial cleaning and janitorial services harbeson de,0,2,0,8
commercial cleaning and janitorial services lewes de,0,1,0,30
commercial cleaning and janitorial services milton de,0,1,0,26
commercial cleaning and janitorial services rehoboth beach de,0,1,0,28
commercial cleaning and maintenance,0,1,0,3
commercial cleaning avon ma,0,3,0,32.7
commercial cleaning bala cynwyd,0,2,0,70
commercial cleaning bel air md,0,4,0,64.5
commercial cleaning business near me,0,2,0,1
commercial cleaning chester heights,0,1,0,34
commercial cleaning coatesville,0,14,0,1.8
commercial cleaning companies,0,1,0,6
commercial cleaning companies near me,0,4,0,38.8
commercial cleaning companies newcastle,0,1,0,88
commercial cleaning company,0,56,0,25.6
commercial cleaning company in miamisburg,0,1,0,84
commercial cleaning company johnstown,0,2,0,70
commercial cleaning company near me,0,2,0,17
commercial cleaning company wilmington,0,5,0,60.6
commercial cleaning conshohocken,0,9,0,60.8
commercial cleaning contractors,0,13,0,21.2
commercial cleaning crofton md,0,6,0,59.5
commercial cleaning delaware,0,89,0,55.0
commercial cleaning dover,0,6,0,72.8
commercial cleaning dover de,0,13,0,58.2
commercial cleaning drexel hill,0,5,0,65.8
commercial cleaning east greenville,0,11,0,52.3
commercial cleaning emmaus,0,1,0,70
commercial cleaning flourtown,0,11,0,60.6
commercial cleaning franconia,0,2,0,84.5
commercial cleaning georgetown de,0,10,0,45.9
commercial cleaning glen burnie md,0,6,0,84.5
commercial cleaning glen mills,0,12,0,42.4
commercial cleaning glenolden,0,18,0,45.5
commercial cleaning gloucester,0,1,0,91
commercial cleaning hanover,0,1,0,77
commercial cleaning harleysville,0,10,0,61.6
commercial cleaning haverford,0,4,0,61.5
commercial cleaning havertown,0,1,0,51
commercial cleaning honey brook,0,9,0,58.6
commercial cleaning in aquia harbour,0,4,0,93.2
commercial cleaning in dover de,0,10,0,66
commercial cleaning in miami,0,1,0,61
commercial cleaning in newark,0,6,0,18.5
commercial cleaning in newark de,0,41,0,26.5
commercial cleaning in owings mill md,0,5,0,89.4
commercial cleaning in wilmington de,0,12,0,69.6
commercial cleaning in yorktown,0,1,0,89
commercial cleaning janitorial services blades de,0,3,0,16.7
commercial cleaning janitorial services exton pa,0,1,0,26
commercial cleaning janitorial services gumboro de,0,1,0,16
commercial cleaning janitorial services lewes de,0,2,0,28
commercial cleaning janitorial services millsboro de,0,1,0,22
commercial cleaning janitorial services milton de,0,3,0,15.7
commercial cleaning janitorial services souderton pa,0,8,0,21.9
commercial cleaning janitorial services viola de,0,1,0,22
commercial cleaning jobs near me,0,1,0,19
commercial cleaning johnstown,0,1,0,67
commercial cleaning kennett square,0,6,0,70
commercial cleaning laurel md,0,4,0,70
commercial cleaning lincoln newark,0,1,0,70
commercial cleaning lionville,0,1,0,54
commercial cleaning malvern,0,4,0,87.2
commercial cleaning middletown de,0,25,0,37
commercial cleaning milford de,0,9,0,41.8
commercial cleaning millsboro de,0,26,0,36
commercial cleaning milton,0,9,0,52.3
commercial cleaning near me,0,27,0,18
commercial cleaning newark,0,17,0,31.4
commercial cleaning newark de,0,63,0,22.0
commercial cleaning newcastle,0,1,0,97
commercial cleaning northeastern pennsylvania,0,1,0,49
commercial cleaning odenton md,0,19,0,68.2
commercial cleaning oreland,0,8,0,70.8
commercial cleaning pennsylvania,0,2,0,82.5
commercial cleaning plymouth meeting,0,8,0,71
commercial cleaning pottstown,0,3,0,70.3
commercial cleaning rockville md,0,8,0,74.4
commercial cleaning seaford de,0,9,0,50
commercial cleaning service,0,2,0,1
commercial cleaning service anne arundel county,0,1,0,18
commercial cleaning service near me,0,3,0,16.3
commercial cleaning service oaks pa,0,1,0,59
commercial cleaning service rockville md,0,1,0,79
commercial cleaning service west norriton pa,0,1,0,46
commercial cleaning service williams township pa,0,5,0,75.4
commercial cleaning services,0,371,0,13.2
commercial cleaning services 99901,0,1,0,50
commercial cleaning services ames,0,2,0,63.5
commercial cleaning services atlantic city,0,2,0,72.5
commercial cleaning services bear de,0,21,0,33.5
commercial cleaning services brattleboro,0,1,0,62
commercial cleaning services college park md,0,1,0,78
commercial cleaning services delaware,0,174,0,49.6
commercial cleaning services east greenville,0,17,0,38.5
commercial cleaning services exton pa,0,1,0,30
commercial cleaning services glen mills pa,0,4,0,57.2
commercial cleaning services hagerstown md,0,9,0,53
commercial cleaning services harbeson de,0,1,0,12
commercial cleaning services hockessin de,0,2,0,31
"commercial cleaning services in chester county, pa",0,8,0,59
commercial cleaning services in delaware,0,7,0,46.7
commercial cleaning services in newark,0,3,0,40
commercial cleaning services in wilmington,0,6,0,54
commercial cleaning services kennett square pa,0,3,0,68.7
commercial cleaning services laurel md,0,1,0,78
commercial cleaning services middletown,0,2,0,48
commercial cleaning services middletown de,0,9,0,44.7
commercial cleaning services millsboro de,0,54,0,21.0
commercial cleaning services near me,0,66,0,25.4
commercial cleaning services newark,0,35,0,20.6
commercial cleaning services newark de,0,42,0,24.9
commercial cleaning services norristown,0,7,0,81.3
commercial cleaning services palmyra pa,0,35,0,45.9
commercial cleaning services pennsylvania,0,2,0,45
commercial cleaning services seaford de,0,12,0,45.8
commercial cleaning services stevensville md,0,14,0,45.6
commercial cleaning services ville-marie,0,1,0,89
commercial cleaning services wescosville,0,1,0,77
commercial cleaning services west chester pa,0,1,0,20
commercial cleaning services whitehall,0,2,0,77
commercial cleaning services wilmington,0,47,0,61.2
commercial cleaning services wilmington de,0,34,0,63.9
commercial cleaning services york pa,0,8,0,68.8
commercial cleaning services yorkville,0,24,0,47.3
commercial cleaning severn md,0,5,0,72.2
commercial cleaning severna park md,0,12,0,76.6
commercial cleaning shrewsbury,0,1,0,85
commercial cleaning smyrna de,0,10,0,46.9
commercial cleaning solutions johnstown,0,1,0,68
commercial cleaning souderton,0,3,0,50.3
commercial cleaning systems,0,1,0,27
commercial cleaning upper darby,0,3,0,65.3
commercial cleaning wake forest,0,1,0,78
commercial cleaning west chester pa,0,2,0,17.5
commercial cleaning wilmington de,0,15,0,67.5
commercial cleaning woxall,0,1,0,92
commercial disinfecting delaware,0,19,0,64.3
commercial disinfecting services,0,1,0,1
commercial disinfecting services new castle de,0,3,0,39.7
commercial floor cleaning services,0,7,0,27.6
commercial granite restoration aventura,0,1,0,68
commercial industrial cleaning services,0,2,0,24
commercial janitorial,0,4,0,32.8
commercial janitorial cleaning services,0,4,0,88.5
commercial janitorial company new castle de,0,2,0,43
commercial janitorial delaware,0,27,0,64.9
commercial janitorial service,0,3,0,20.7
commercial janitorial service wilmington,0,4,0,22.5
commercial janitorial services,0,22,0,26.2
commercial janitorial services harford county,0,5,0,74.6
commercial janitorial services near me,0,1,0,41
commercial kitchen cleaning services wilmington pa,0,5,0,48
commercial laundry near me,0,1,0,1
commercial leaners for offices,0,1,0,11
commercial lot washing rehoboth beach de,0,10,0,43.1
commercial maid,0,2,0,33.5
commercial marble cleaning aventura,0,1,0,74
commercial office cleaning,0,28,0,23.4
commercial office cleaning johnstown,0,1,0,63
commercial office cleaning services aston pa 19014,0,22,0,65.3
commercial office cleaning services near aston pa,0,4,0,86
commercial office cleaning services near boothwyn pa,0,6,0,72.3
commercial office cleaning services near chadds ford pa,0,2,0,75
commercial office cleaning services near chaddsford pa,0,3,0,56.7
commercial office cleaning services near devon pa,0,33,0,77.1
commercial office cleaning services near garnet valley pa,0,136,0,64.3
commercial office cleaning services near glen mills pa,0,22,0,70.5
commercial office cleaning services near kennett square pa,0,54,0,71.4
commercial office cleaning services near malvern pa,0,7,0,67
commercial office cleaning services near media pa,0,18,0,72.3
commercial office cleaning services near paoli pa,0,6,0,53.7
commercial office cleaning services near upper chichester pa,0,150,0,48.2
commercial office cleaning services near villanova pa,0,8,0,65.2
commercial office cleaning services near west chester pa,0,4,0,52.8
commercial restaurant cleaning services near me,0,1,0,12
commercial surface cleaning in annapolis,0,1,0,89
commercial tile cleaning arden de,0,3,0,16.3
commercial tile cleaning sussex de,0,3,0,38
commercial vct maintenance,0,2,0,94
commercial vct restoration dubois pa,0,2,0,41.5
commercial+cleaning+ardmore+pa,0,21,0,58.3
commercial+cleaning+companies+ardmore+pa,0,3,0,51.3
commercial+cleaning+conshohocken+pa,0,17,0,57.5
commercial+cleaning+in+king+of+prussia+pa,0,2,0,78.5
commercial+cleaning+norristown+pa,0,1,0,73
commercial+cleaning+services+ardmore+pa,0,5,0,70.8
commercial+cleaning+services+conshohocken+pa,0,18,0,58.3
commercial+cleaning+services+delaware+county,0,18,0,71.6
commercial+cleaning+services+in+wayne+pa,0,3,0,86
commercial+cleaning+services+king+of+prussia+pa,0,3,0,61
commercial+cleaning+services+plymouth+meeting+pa,0,17,0,71.8
commerical cleaning company near me,0,1,0,29
company with day porter services in newark de,0,5,0,61.6
company with day porter services in wilmington de,0,3,0,48.3
construction cleaning company in newark de,0,9,0,12.3
corporate cleaning delaware,0,18,0,58.5
corporate cleaning service,0,1,0,12
day porter company in newark de,0,2,0,45.5
day porter company in wilmington de,0,1,0,39
day porter services in wilmington de,0,2,0,76
day+porter+services+bryn+mawr+pa,0,5,0,84
day+porter+services+plymouth+meeting+pa,0,8,0,86.9
deep cleaning middletown de,0,2,0,51
deep cleaning millsboro de,0,2,0,41.5
deep cleaning newark de,0,1,0,34
deep cleaning services newark de,0,1,0,56
delaware commercial cleaning near me,0,13,0,55.9
dorm cleaning delaware,0,2,0,85
duplex cleaning delaware,0,6,0,91.5
egg harbor township commercial cleaning services,0,1,0,64
executive maintenance inc,0,1,0,52
facility cleaning,0,4,0,42
facility cleaning delaware,0,31,0,65.3
facility cleaning milton de,0,1,0,17
facility maintenance 19809,0,1,0,46
facility maintenance cleaning delaware county,0,57,0,65.6
floor care janitorial lionville pa,0,1,0,22
floor care janitorial newark de,0,4,0,14
floor care janitorial souderton pa,0,2,0,23
floor cleaning services new castle de,0,1,0,31
hardwood floor cleaning lewes de,0,17,0,33.7
hmi commercial cleaning,0,1,0,26
house cleaning middletown de,0,6,0,42.7
house cleaning services middletown de,0,1,0,61
housekeeping service bear de,0,9,0,23.4
housekeeping service middletown delaware,0,2,0,34
how can i manage wallet session keys or permissions to keep users logged in without friction?,0,1,0,4
how do you clean grout in a commercial building,0,18,0,56.2
ims cleaning,0,1,0,63
industrial cleaners near me,0,1,0,12
industrial cleaning,0,4,0,26.2
industrial cleaning anne arundel county md,0,1,0,86
industrial cleaning company cecil county,0,1,0,16
industrial cleaning delaware,0,25,0,64.4
industrial cleaning services,0,21,0,48.5
industrial cleaning services mid-atlantic usa,0,5,0,50.8
industrial cleaning services near me,0,2,0,10.5
industrial cleaning services new castle de,0,2,0,47.5
industrial cleaning services pennsauken,0,32,0,58.3
industrial cleaning services philadelphia,0,1,0,67
industrial cleaning supplies delaware,0,2,0,71.5
industrial warehouse cleaning services,0,1,0,5
industrial+cleaning+services+blue+bell+pa,0,2,0,67
industrial+cleaning+services+bridgeport+pa,0,4,0,71.2
industrial+cleaning+services+bryn+mawr+pa,0,24,0,51.0
industrial+cleaning+services+conshohocken+pa,0,18,0,50.1
industrial+cleaning+services+king+of+prussia+pa,0,15,0,63.8
industrial+cleaning+services+norristown+pa,0,14,0,66.6
industrial+cleaning+services+plymouth+meeting+pa,0,24,0,57.4
industrial+cleaning+services+wayne+pa,0,3,0,58
integrated cleaning services,0,8,0,56.1
interior and exterior building maintenance delaware,0,7,0,42.3
is walletconnect safe,0,6,0,45.7
janitor service,0,5,0,14.8
janitorial,0,2,0,12.5
janitorial cleaning,0,12,0,18.7
janitorial cleaning companies,0,10,0,28.9
janitorial cleaning company in newark de,0,7,0,62.6
janitorial cleaning company in wilmington de,0,7,0,66
janitorial cleaning conshohocken,0,1,0,72
janitorial cleaning drexel hill,0,1,0,77
janitorial cleaning east greenville,0,3,0,49
janitorial cleaning glen mills,0,6,0,56.7
janitorial cleaning glenolden,0,7,0,46.7
janitorial cleaning harleysville,0,2,0,71
janitorial cleaning plymouth meeting,0,3,0,77.3
janitorial cleaning pottstown,0,1,0,58
janitorial cleaning services,0,21,0,16.0
janitorial cleaning services delaware,0,5,0,57.6
janitorial companies,0,1,0,11
janitorial company exton pa,0,1,0,26
janitorial company rehoboth beach de,0,2,0,28.5
janitorial service,0,4,0,1
janitorial services,0,3,0,12.7
janitorial services avon,0,3,0,74
janitorial services delaware,0,64,0,49.5
janitorial services harbeson de,0,7,0,16.7
janitorial services in wilmington de,0,3,0,75
janitorial services milford de,0,1,0,64
janitorial services millsboro de,0,31,0,25.0
janitorial services near me,0,1,0,7
janitorial services new castle pa,0,3,0,39.7
janitorial services newark de,0,1,0,32
janitorial services wilmington,0,4,0,22.8
janitorial+cleaning+services+bryn+mawr+pa,0,2,0,63
kitchen cleaning service,0,1,0,22
kitchen cleaning service near me,0,1,0,15
maid service bear de,0,7,0,21.4
maid service middletown de,0,3,0,33.7
manufacturing cleaning services near me,0,1,0,39
medical facility cleaning,0,1,0,21
medical facility cleaning delaware,0,3,0,71
medical facility cleaning near me,0,23,0,14.7
medical office cleaning,0,1,0,4
medical office cleaning delaware,0,6,0,46.3
mid atlantic janitorial,0,1,0,1
middletown delaware covid-19 disfection service,0,2,0,48.5
middletown delaware disinfection service,0,3,0,72
millsboro cleaning near me,0,1,0,31
millsboro maid service,0,1,0,30
milton enterprises,0,1,0,55
move in cleaning middletown de,0,2,0,52
move in cleaning millsboro de,0,1,0,60
newark commercial cleaning,0,4,0,19.2
newark commercial cleaning services,0,6,0,24.5
newark de hood cleaners,0,1,0,38
office & facility covid-19 disinfecting services near upper chichester pa,0,1,0,1
office building cleaning,0,1,0,1
office cleaners delaware,0,13,0,57.5
office cleaners near me,0,1,0,1
office cleaning,0,12,0,18.6
office cleaning adelphi md,0,1,0,48
office cleaning coatesville,0,1,0,34
office cleaning companies,0,17,0,19.6
office cleaning companies aston pa 19014,0,8,0,68.5
office cleaning companies near chadds ford pa,0,21,0,79.7
office cleaning companies near chaddsford pa,0,27,0,55.8
office cleaning companies near devon pa,0,73,0,76.5
office cleaning companies near garnet valley pa,0,4,0,72.2
office cleaning companies near glen mills pa,0,58,0,65.0
office cleaning companies near kennett square pa,0,8,0,72.9
office cleaning companies near malvern pa,0,7,0,71.3
office cleaning companies near media pa,0,5,0,68.4
office cleaning companies near upper chichester pa,0,161,0,49.3
office cleaning companies near villanova pa,0,8,0,60.2
office cleaning companies new castle pa,0,4,0,38.2
office cleaning company,0,1,0,22
office cleaning company delaware,0,15,0,62.5
office cleaning company in dover de,0,4,0,75
office cleaning company in newark de,0,16,0,54.7
office cleaning company in wilmington de,0,7,0,74
office cleaning company near me,0,1,0,10
office cleaning company new castle de,0,3,0,60.7
office cleaning company new castle pa,0,7,0,40.4
office cleaning company wilmington de,0,2,0,78
office cleaning delaware,0,14,0,53.6
office cleaning dover de,0,7,0,62.3
office cleaning drexel hill,0,1,0,71
office cleaning east greenville,0,2,0,75.5
office cleaning farmington,0,2,0,85.5
office cleaning folcroft,0,5,0,75.2
office cleaning georgetown de,0,12,0,58.3
office cleaning glen mills,0,9,0,56.9
office cleaning glenolden,0,9,0,55.9
office cleaning hagerstown md,0,3,0,60.7
office cleaning haverford,0,5,0,61.8
office cleaning havertown,0,3,0,61.3
office cleaning honey brook,0,2,0,53
office cleaning in dover de,0,2,0,79
office cleaning in wilmington de,0,6,0,72.5
office cleaning middletown de,0,10,0,39.4
office cleaning milford de,0,9,0,41.2
office cleaning millsboro de,0,26,0,41.5
office cleaning milton,0,1,0,39
office cleaning milton de,0,1,0,24
office cleaning newark,0,1,0,34
office cleaning newark de,0,1,0,17
office cleaning odenton md,0,4,0,62.5
office cleaning oreland,0,4,0,71.8
office cleaning plymouth meeting,0,7,0,81.6
office cleaning pottstown,0,1,0,71
office cleaning seaford de,0,10,0,52.5
office cleaning service,0,32,0,15.2
office cleaning service college park md,0,1,0,78
office cleaning service east greenville,0,4,0,56.5
office cleaning service near me,0,27,0,13.7
office cleaning service new castle pa,0,2,0,38
office cleaning services,0,88,0,22.2
office cleaning services delaware,0,9,0,57.3
office cleaning services hanover,0,1,0,76
office cleaning services in dover de,0,2,0,77.5
office cleaning services in newark de,0,5,0,49.2
office cleaning services in wilmington de,0,10,0,69.2
office cleaning services in wilmington delaware,0,1,0,83
office cleaning services new castle pa,0,4,0,40.5
office cleaning services wilmington de,0,3,0,64.7
office cleaning services zelienople pa,0,22,0,75.9
office cleaning smyrna de,0,9,0,58.8
office cleaning toughkenamon,0,3,0,47.3
office cleaning whitehall pa,0,6,0,63.2
office cleaning williams township pa,0,3,0,71.7
office cleaning yorktown,0,1,0,88
office janitorial company delaware,0,1,0,44
office+cleaning+ardmore+pa,0,16,0,56.3
office+cleaning+delaware+county,0,2,0,74
"our service areas in de, pa and md",0,6,0,23.7
our service areas in delaware,0,3,0,31.7
owings mill md commercial cleaning,0,3,0,91.7
parking+lot+cleaning+delaware+county+pa,0,7,0,70.7
parking+lot+cleaning+newark+de,0,8,0,70.6
private browser multi wallet management,0,2,0,93.5
professional cleaning company in wilmington de,0,1,0,64
professional cleaning services newark de,0,1,0,42
professional construction cleaning in newark de,0,3,0,13.7
professional day porter services in newark de,0,3,0,68
professional day porter services in wilmington de,0,3,0,60.3
rehoboth beach cleaning service,0,1,0,47
restaurant cleaning delaware,0,10,0,73.4
restaurant cleaning newark,0,4,0,38.5
retail cleaning delaware,0,8,0,47
retail cleaning milton,0,20,0,55
scheduled commercial cleaning,0,1,0,1
school cleaning delaware,0,19,0,40.9
school cleaning services,0,2,0,74.5
school cleaning services delaware,0,4,0,47.8
shinosaur commercial cleaning,0,1,0,44
steam cleaning lewes de,0,73,0,38.3
student housing cleaning delaware,0,2,0,50.5
tile & grout cleaning avon co,0,1,0,97
tile & grout cleaning wilmington de,0,8,0,74
tile cleaning delaware,0,1,0,45
turnover+cleaning+services+bryn+mawr+pa,0,3,0,70.7
turnover+cleaning+services+conshohocken+pa,0,1,0,71
turnover+cleaning+services+king+of+prussia+pa,0,1,0,79
turnover+cleaning+services+plymouth+meeting+pa,0,14,0,63.5
university cleaning delaware,0,3,0,46
university cleaning services delaware,0,8,0,35.4
upholstery cleaning lewes de,0,5,0,48.6
vct cleaner,0,2,0,55
vct cleaning,0,49,0,65.5
vct cleaning services middletown pa,0,5,0,26.2
vct deep scrub,0,2,0,61.5
vct floor cleaner,0,1,0,65
vct floor scrubber,0,1,0,41
vct maintenance fees,0,1,0,87
vct scrub and recoat,0,1,0,59
wallet connect security,0,3,0,48.7
warehouse cleaning anne arundel county md,0,1,0,76
what kind of work do they do,0,1,0,2
where is ami,0,1,0,2
who are the leading providers of janitorial services in new castle?,0,4,0,5.8
wilmington janitorial services,0,2,0,31
フローリング 殺虫剤,0,1,0,46
ベロア ほこり,0,1,0,78
水 床,0,2,0,71
洗浄 調理場,0,1,0,85
犬 足洗い場,0,1,0,65
紙 溶かす 洗剤,0,2,0,61
鏡 シケ,0,1,0,77
